{"schema":6,"addons":[{"id":"jid1-MnnxcxisBPnSXQ@jetpack","icons":{"32":"https://addons.mozilla.org/user-media/addon_icons/506/506646-32.png?modified=mcrushed","64":"https://addons.mozilla.org/user-media/addon_icons/506/506646-64.png?modified=mcrushed","128":"https://addons.mozilla.org/user-media/addon_icons/506/506646-128.png?modified=mcrushed"},"name":"Privacy Badger","version":"2024.7.17","sourceURI":"https://addons.mozilla.org/firefox/downloads/file/4321653/privacy_badger17-2024.7.17.xpi","homepageURL":"https://privacybadger.org/","supportURL":"https://privacybadger.org/#faq","amoListingURL":"https://addons.mozilla.org/en-US/firefox/addon/privacy-badger17/","description":"Automatically learns to block invisible trackers.","fullDescription":"Privacy Badger automatically learns to block invisible trackers. Instead of keeping lists of what to block, Privacy Badger automatically discovers trackers based on their behavior.\n\nPrivacy Badger sends the Global Privacy Control signal to opt you out of data sharing and selling, and the Do Not Track signal to tell companies not to track you. If trackers ignore your wishes, Privacy Badger will learn to block them.\n\nBesides automatic tracker blocking, Privacy Badger replaces potentially useful trackers (video players, comments widgets, etc.) with click-to-activate placeholders, and removes outgoing link click tracking on Facebook and Google, with more privacy protections on the way.\n\nTo learn more, see the FAQ on Privacy Badger's homepage.","weeklyDownloads":15407,"type":"extension","creator":{"name":"EFF Technologists","url":"https://addons.mozilla.org/en-US/firefox/user/5474073/"},"developers":[],"screenshots":[{"url":"https://addons.mozilla.org/user-media/previews/full/225/225184.png?modified=1622132341","width":1920,"height":1080,"thumbnailURL":"https://addons.mozilla.org/user-media/previews/thumbs/225/225184.jpg?modified=1622132341","thumbnailWidth":533,"thumbnailHeight":300,"caption":"Privacy Badger is a project of the Electronic Frontier Foundation"},{"url":"https://addons.mozilla.org/user-media/previews/full/171/171793.png?modified=1622132342","width":700,"height":394,"thumbnailURL":"https://addons.mozilla.org/user-media/previews/thumbs/171/171793.jpg?modified=1622132342","thumbnailWidth":533,"thumbnailHeight":300,"caption":"Privacy Badger at work on the whitehouse.gov privacy policy page."}],"contributionURL":"https://paypal.me/SupportEFF?utm_content=product-page-contribute&utm_medium=referral&utm_source=addons.mozilla.org","averageRating":4.8043,"reviewCount":476,"reviewURL":"https://addons.mozilla.org/en-US/firefox/addon/privacy-badger17/reviews/","updateDate":1721404501000},{"id":"adguardadblocker@adguard.com","icons":{"32":"https://addons.mozilla.org/user-media/addon_icons/520/520576-32.png?modified=mcrushed","64":"https://addons.mozilla.org/user-media/addon_icons/520/520576-64.png?modified=mcrushed","128":"https://addons.mozilla.org/user-media/addon_icons/520/520576-128.png?modified=mcrushed"},"name":"AdGuard AdBlocker","version":"4.4.30","sourceURI":"https://addons.mozilla.org/firefox/downloads/file/4365735/adguard_adblocker-4.4.30.xpi","homepageURL":"https://adguard.com/","supportURL":"https://adguard.com/","amoListingURL":"https://addons.mozilla.org/en-US/firefox/addon/adguard-adblocker/","description":"Unmatched adblock extension against advertising and pop-ups. Blocks ads on Facebook, Youtube and all other websites.","fullDescription":"AdGuard ad blocker effectively blocks all types of ads on all web pages, even on Facebook, YouTube, and others!\n\nWhat AdGuard ad blocker does:\n\n1. Blocks all ads: video ads (including YouTube video ads), rich media advertising, unwanted pop-ups, banners and text ads (including Facebook advertisements);\n2. Speeds up page loading and saves bandwidth, thanks to the missing ads and pop up windows;\n3. Blocks many spyware, adware, and dialer installers;\n4. Protects your privacy by blocking common third-party tracking systems;\n5. Protects you from malware and phishing.\n\nHow can AdGuard ad blocker protect your privacy?\n\nJust enable Tracking Protection filter in AdGuard settings. It completely removes all forms of tracking from the Internet. AdGuard has one of the largest tracker filters containing more than 5,000 rules.\n\nHow to remove social media with AdGuard?\n\nTired of all the «Like» buttons and similar widgets infesting all of your frequented web pages? Just enable AdGuard \"Social media filter\" and forget about them.\n\nHow can AdGuard ad blocker protect you from online threats?\n\nAt the moment we’ve got more than 2,000,000 harmful websites on record. AdGuard can block domains known to spread malware, protecting your computer against viruses, Trojan horses, worms, spyware, and adware. AdGuard really lowers the risk of virus infections and prohibits access to harmful websites to prevent potential attacks.\n\nWhy does AdGuard require permissions?\n\n    Access your data for all websites and Access browser tabs: both permissions are necessary for AdGuard to apply all kinds of cosmetic processing to the pages content. Naive ad blocking would simply block ad servers, and leave broken elements and first-party ads on the pages. AdGuard applies special cosmetic rules to make pages look clean and tidy.\n    Access browser activity during navigation: this permission is necessary to keep track of navigation events in order to apply rules when the time is right.\n\n\n==============================\n\nRelease notes:\nhttps://github.com/AdguardTeam/AdguardBrowserExtension/releases\n\n==============================\n\nFree and Open Source:\nhttps://github.com/AdguardTeam/AdguardBrowserExtension\n\n==============================\n\nFound a bug? Have a problem and need help? Visit our forum: https://forum.adguard.com/","weeklyDownloads":41319,"type":"extension","creator":{"name":"Adguard Software Ltd","url":"https://addons.mozilla.org/en-US/firefox/user/10901440/"},"developers":[],"screenshots":[{"url":"https://addons.mozilla.org/user-media/previews/full/267/267385.png?modified=1647351376","width":1280,"height":800,"thumbnailURL":"https://addons.mozilla.org/user-media/previews/thumbs/267/267385.jpg?modified=1647351376","thumbnailWidth":533,"thumbnailHeight":333},{"url":"https://addons.mozilla.org/user-media/previews/full/267/267386.png?modified=1647351376","width":1280,"height":800,"thumbnailURL":"https://addons.mozilla.org/user-media/previews/thumbs/267/267386.jpg?modified=1647351376","thumbnailWidth":533,"thumbnailHeight":333},{"url":"https://addons.mozilla.org/user-media/previews/full/267/267387.png?modified=1647351376","width":1280,"height":800,"thumbnailURL":"https://addons.mozilla.org/user-media/previews/thumbs/267/267387.jpg?modified=1647351376","thumbnailWidth":533,"thumbnailHeight":333},{"url":"https://addons.mozilla.org/user-media/previews/full/267/267388.png?modified=1647351376","width":1280,"height":800,"thumbnailURL":"https://addons.mozilla.org/user-media/previews/thumbs/267/267388.jpg?modified=1647351376","thumbnailWidth":533,"thumbnailHeight":333},{"url":"https://addons.mozilla.org/user-media/previews/full/267/267389.png?modified=1647351376","width":1280,"height":800,"thumbnailURL":"https://addons.mozilla.org/user-media/previews/thumbs/267/267389.jpg?modified=1647351376","thumbnailWidth":533,"thumbnailHeight":333},{"url":"https://addons.mozilla.org/user-media/previews/full/267/267390.png?modified=1647351376","width":1280,"height":800,"thumbnailURL":"https://addons.mozilla.org/user-media/previews/thumbs/267/267390.jpg?modified=1647351376","thumbnailWidth":533,"thumbnailHeight":333}],"contributionURL":"","averageRating":4.6713,"reviewCount":1790,"reviewURL":"https://addons.mozilla.org/en-US/firefox/addon/adguard-adblocker/reviews/","updateDate":1728914415000},{"id":"sponsorBlocker@ajay.app","icons":{"32":"https://addons.mozilla.org/user-media/addon_icons/2590/2590937-32.png?modified=d215907f","64":"https://addons.mozilla.org/user-media/addon_icons/2590/2590937-64.png?modified=d215907f","128":"https://addons.mozilla.org/user-media/addon_icons/2590/2590937-128.png?modified=d215907f"},"name":"SponsorBlock - Skip Sponsorships on YouTube","version":"5.9.4","sourceURI":"https://addons.mozilla.org/firefox/downloads/file/4364207/sponsorblock-5.9.4.xpi","homepageURL":"https://sponsor.ajay.app","supportURL":"https://sponsor.ajay.app","amoListingURL":"https://addons.mozilla.org/en-US/firefox/addon/sponsorblock/","description":"Easily skip YouTube video sponsors. When you visit a YouTube video, the extension will check the database for reported sponsors and automatically skip known sponsors. You can also report sponsors in videos. Other browsers: https://sponsor.ajay.app","fullDescription":"SponsorBlock lets you skip over sponsors, intros, outros, subscription reminders, and other annoying parts of YouTube videos. SponsorBlock is a crowdsourced browser extension that lets anyone submit the start and end times of sponsored segments and other segments of YouTube videos. Once one person submits this information, everyone else with this extension will skip right over the sponsored segment.\n\nYou can also skip over non music sections of music videos.\n\nSupports Invidious, old YouTube and mobile YouTube.\n\nWith this extension, you will automatically skip YouTube sponsors.\n\nMore information about how it works: https://sponsor.ajay.app\n\nSource code: https://github.com/ajayyy/SponsorBlock\n\nPrivacy Policy: https://gist.github.com/ajayyy/aa9f8ded2b573d4f73a3ffa0ef74f796\n\n\n\nPermissions:\n\nAccess your data for youtube.com, www.youtube-nocookie.com:\n- Used to modify the YouTube webpage\n\nThis add-on may also ask to access data for any website:\n- You can add your own instances of 3rd party YouTube front-ends, and it will ask for permission to modify each site you add","weeklyDownloads":15822,"type":"extension","creator":{"name":"Ajay (SponsorBlock)","url":"https://addons.mozilla.org/en-US/firefox/user/13499177/"},"developers":[],"screenshots":[{"url":"https://addons.mozilla.org/user-media/previews/full/227/227749.png?modified=1622134658","width":1280,"height":800,"thumbnailURL":"https://addons.mozilla.org/user-media/previews/thumbs/227/227749.jpg?modified=1622134658","thumbnailWidth":533,"thumbnailHeight":333},{"url":"https://addons.mozilla.org/user-media/previews/full/227/227750.png?modified=1622134672","width":1280,"height":800,"thumbnailURL":"https://addons.mozilla.org/user-media/previews/thumbs/227/227750.jpg?modified=1622134672","thumbnailWidth":533,"thumbnailHeight":333},{"url":"https://addons.mozilla.org/user-media/previews/full/227/227751.png?modified=1622134680","width":1920,"height":1200,"thumbnailURL":"https://addons.mozilla.org/user-media/previews/thumbs/227/227751.jpg?modified=1622134680","thumbnailWidth":533,"thumbnailHeight":333}],"contributionURL":"https://github.com/sponsors/ajayyy-org?utm_content=product-page-contribute&utm_medium=referral&utm_source=addons.mozilla.org","averageRating":4.8042,"reviewCount":718,"reviewURL":"https://addons.mozilla.org/en-US/firefox/addon/sponsorblock/reviews/","updateDate":1728559199000},{"id":"myallychou@gmail.com","icons":{"32":"https://addons.mozilla.org/user-media/addon_icons/2602/2602948-32.png?modified=07136808","64":"https://addons.mozilla.org/user-media/addon_icons/2602/2602948-64.png?modified=07136808","128":"https://addons.mozilla.org/user-media/addon_icons/2602/2602948-128.png?modified=07136808"},"name":"Unhook: Remove YouTube Recommended Videos Comments","version":"1.6.7","sourceURI":"https://addons.mozilla.org/firefox/downloads/file/4263531/youtube_recommended_videos-1.6.7.xpi","homepageURL":"https://unhook.app","supportURL":"https://unhook.app/","amoListingURL":"https://addons.mozilla.org/en-US/firefox/addon/youtube-recommended-videos/","description":"Hide YouTube related videos, comments, video suggestions wall, homepage recommendations, trending tab, and other distractions.","fullDescription":"Hide YouTube related videos, comments, video suggestions wall, homepage recommendations, trending tab, and other distractions.\n\nA browser extension to eliminate distractions on YouTube, including the recommended sidebar, endscreen video suggestions, user comments, homepage related videos feed, trending tab, turn off autoplay or annotations, and more. Toggle the options through the popup to customize your own YouTube experience!\n\nCompatible with mobile YouTube, m.youtube.com, through Firefox for Android. Also works on video embeds.\n\nTo request a feature, fill out our feedback form!\n\nUnhook YouTube is also available as an extension for Chrome and Microsoft Edge.\n\nIf you find Unhook useful, please consider making a contribution!\n\nOPTIONS\n\n    Hide Homepage Feed\n    Hide Video Sidebar\n        Hide Recommended (Related Videos)\n        Hide Live Chat\n        Hide Playlist\n    Hide End Screen Videowall\n    Hide End Screen Cards\n    Hide Comments\n        Hide Profile Photos\n    Hide Mix Radio Playlists\n    Hide Merch, Tickets, Offers\n    Hide Video Info\n        Hide Video Buttons Bar (share, likes, dislikes)\n        Hide Channel (profile + subscribe button)\n        Hide Video Description\n    Hide Top Header\n        Hide Notification Bell\n    Hide Irrelevant Search Results (\"Related to your search\", \"Latest from\", \"Searches related to\", \"People also search for\", etc.)\n    Hide Explore and Trending\n    Hide More from YouTube\n    Hide Shorts Tab\n    Hide and Redirect Subscriptions\n    Disable Autoplay\n    Disable Annotations\n\n\nYouTube is a trademark of Google Inc. Use of this trademark is subject to Google Permissions.","weeklyDownloads":2775,"type":"extension","creator":{"name":"Unhook","url":"https://addons.mozilla.org/en-US/firefox/user/15319027/"},"developers":[],"screenshots":[{"url":"https://addons.mozilla.org/user-media/previews/full/264/264851.png?modified=1640637908","width":1280,"height":800,"thumbnailURL":"https://addons.mozilla.org/user-media/previews/thumbs/264/264851.jpg?modified=1640637908","thumbnailWidth":533,"thumbnailHeight":333,"caption":"Unhook YouTube options popup - remove YouTube home recommendations"},{"url":"https://addons.mozilla.org/user-media/previews/full/256/256577.png?modified=1640637904","width":1280,"height":800,"thumbnailURL":"https://addons.mozilla.org/user-media/previews/thumbs/256/256577.jpg?modified=1640637904","thumbnailWidth":533,"thumbnailHeight":333,"caption":"Hide YouTube's right sidebar (suggested videos, live chat, playlists) and/or hide and disable autoplay, annotations"},{"url":"https://addons.mozilla.org/user-media/previews/full/235/235161.png?modified=1640637904","width":1280,"height":800,"thumbnailURL":"https://addons.mozilla.org/user-media/previews/thumbs/235/235161.jpg?modified=1640637904","thumbnailWidth":533,"thumbnailHeight":333,"caption":"Hide end screen videowall and/or hide comments"},{"url":"https://addons.mozilla.org/user-media/previews/full/235/235162.png?modified=1640637904","width":1280,"height":800,"thumbnailURL":"https://addons.mozilla.org/user-media/previews/thumbs/235/235162.jpg?modified=1640637904","thumbnailWidth":533,"thumbnailHeight":333,"caption":"Hide YouTube home feed and/or hide left bar extra elements"},{"url":"https://addons.mozilla.org/user-media/previews/full/251/251918.png?modified=1640637904","width":1280,"height":800,"thumbnailURL":"https://addons.mozilla.org/user-media/previews/thumbs/251/251918.jpg?modified=1640637904","thumbnailWidth":533,"thumbnailHeight":333,"caption":"Compatible with mobile (Firefox for Android) and YouTube embedded videos"}],"contributionURL":"https://paypal.me/unhook?utm_content=product-page-contribute&utm_medium=referral&utm_source=addons.mozilla.org","averageRating":4.753,"reviewCount":332,"reviewURL":"https://addons.mozilla.org/en-US/firefox/addon/youtube-recommended-videos/reviews/","updateDate":1713378409000},{"id":"{8f010de3-24bd-4bdf-9317-f6498684d29d}","icons":{"32":"https://addons.mozilla.org/user-media/addon_icons/2753/2753361-32.png?modified=64c80877","64":"https://addons.mozilla.org/user-media/addon_icons/2753/2753361-64.png?modified=64c80877","128":"https://addons.mozilla.org/user-media/addon_icons/2753/2753361-128.png?modified=64c80877"},"name":"Release Calendar Filter for Crunchyroll","version":"1.1.5","sourceURI":"https://addons.mozilla.org/firefox/downloads/file/4259676/release_calendar_filter_for_cr-1.1.5.xpi","homepageURL":null,"supportURL":"https://github.com/roshinc/release-calendar-filter-for-crunchyroll","amoListingURL":"https://addons.mozilla.org/en-US/firefox/addon/release-calendar-filter-for-cr/","description":"A filter for the Release/Simulcast Calendar on Crunchyroll.","fullDescription":"A filter for the Release/Simulcast Calendar on Crunchyroll.\nDo you use Crunchyroll’s Release/Simulcast Calendar to find shows to watch?\n\nWith their ever growing catalog and the increasing number of dubs, the calendar can feel overwhelming!\n\nThe Release Calendar Filter for Crunchyroll can help with that!!\n\nYou can:\n\n✅ ❎ Toggle visibility for all dubbed episodes on the calendar.\n✅ ❎ Toggle visibility for all subbed episodes on the calendar.\n✅ ❎ Toggle visibility for dubbed episodes in a specific language.\n✅ ❎ Include, show only, or hide episodes that are 'In Queue' (if logged in)\n✅ ❎ Include, show only, or hide episodes that are premiering.\n👀 See your watch progress on episodes for non active days.\n\n🔒 You can also lock filters! So, your choices are applied automatically when you go back to the release calendar or browse another week.\n\nThe filters work in combination with each other!!\n\nFor example, you can choose to:\n👀 See only episodes that are not dubbed and 'In Queue'.\n👀 See only episodes that are dubbed and premiering.\n👀 See only subbed and English dubbed episodes that are 'In Queue'.\n👀 and more.\n\n📃Be sure to check out the options page of this extension!!\n\nIf you find any issues feel free to create an issue at https://github.com/roshinc/release-calendar-filter-for-crunchyroll/issues","weeklyDownloads":2,"type":"extension","creator":{"name":"roshin.dev","url":"https://addons.mozilla.org/en-US/firefox/user/13750989/"},"developers":[],"screenshots":[{"url":"https://addons.mozilla.org/user-media/previews/full/277/277277.png?modified=1673409471","width":1280,"height":800,"thumbnailURL":"https://addons.mozilla.org/user-media/previews/thumbs/277/277277.jpg?modified=1673409471","thumbnailWidth":533,"thumbnailHeight":333,"caption":"Release Calendar with the extension installed."},{"url":"https://addons.mozilla.org/user-media/previews/full/277/277278.png?modified=1673409471","width":1280,"height":800,"thumbnailURL":"https://addons.mozilla.org/user-media/previews/thumbs/277/277278.jpg?modified=1673409471","thumbnailWidth":533,"thumbnailHeight":333,"caption":"Feature: Ability to combine filters to see what you want."},{"url":"https://addons.mozilla.org/user-media/previews/full/277/277279.png?modified=1673409472","width":1280,"height":800,"thumbnailURL":"https://addons.mozilla.org/user-media/previews/thumbs/277/277279.jpg?modified=1673409472","thumbnailWidth":533,"thumbnailHeight":333,"caption":"Feature: Ability to lock the filter so its remains applied if you navigate to different weeks."}],"contributionURL":"","averageRating":5,"reviewCount":4,"reviewURL":"https://addons.mozilla.org/en-US/firefox/addon/release-calendar-filter-for-cr/reviews/","updateDate":1712165722000},{"id":"newtaboverride@agenedia.com","icons":{"32":"https://addons.mozilla.org/user-media/addon_icons/626/626810-32.png?modified=mcrushed","64":"https://addons.mozilla.org/user-media/addon_icons/626/626810-64.png?modified=mcrushed","128":"https://addons.mozilla.org/user-media/addon_icons/626/626810-128.png?modified=mcrushed"},"name":"New Tab Override","version":"16.0.1","sourceURI":"https://addons.mozilla.org/firefox/downloads/file/4303770/new_tab_override-16.0.1.xpi","homepageURL":"https://www.soeren-hentzschel.at/firefox-webextensions/new-tab-override/","supportURL":"https://github.com/cadeyrn/newtaboverride/issues","amoListingURL":"https://addons.mozilla.org/en-US/firefox/addon/new-tab-override/","description":"New Tab Override allows you to set the page that shows whenever you open a new tab.","fullDescription":"New Tab Override allows you to set the page that shows whenever you open a new tab.\n\nFeatures\n\n    Change your new tab page to whatever website you like\n    Use your current home page as new tab page\n    Customize the background color for your new tab page\n    Store a local HTML file in the extension and use it for new tab content\n    Get the latest news about Mozilla as new tab page (German language only)\n    You can set the focus to the address bar or the website\n    Customize where new tabs are opened\n    Automatically adds “https://” if protocol is missing from a URL\n    Can be used in conjunction with Firefox’s container tabs feature\n    Dark mode support for options interface\n\n\nShortcuts\n\nThe settings interface can be accessed via Shift + F12. It is also possible to open the settings interface by entering newtab settings in the address bar or from the menu entry in the tools menu.\n\nLanguages\n\nNew Tab Override is currently available in the following languages:\n\n    English\n    German\n    French (Thanks, SuperPat45 and Mozilla commmunity!)\n    Chinese, Simplified (Thanks, tiansh and Mozilla commmunity!)\n    Spanish (Thanks, MissingUser and Mozilla commmunity!)\n    Italian (Thanks, Mozilla commmunity!)\n    Russian (Thanks, vanja-san!)\n    Dutch (Thanks, Tonnes!)\n    Ukrainian (Thanks, Bergil32!)\n    Brazilian Portuguese (Thanks, Mozilla commmunity!)\n    Swedish (Thanks, Sopor-!)\n    Indonesian (Thanks, rosatiara!)\n    Polish (Thanks, WaldiPL!)\n    Upper Sorbian (Thanks, milupo!)\n    Lower Sorbian (Thanks, milupo!)\n\n\nPermissions\n\nNew Tab Override needs several permissions to work properly. Some permissions are mandatory, some are optional. To offer full transparency, this overview also lists \"silent\" permissions.\n\nMandatory permissions. New Tab Override will not work without the following permissions:\n\n- access browser history\n\nThe permission to access the browser history is needed to prevent spammy \"moz-extension://\" entries in your browsing history every time you open a new tab. There is no way to prevent this without this permission.\n\n- access browser tabs\n\nThe permission to access the browser tabs is needed so that New Tab Override can jump to the settings page if it’s already open in another tab when you click the button to open the extension’s settings.\n\n- read and modify browser settings\n\nThe permission to read and modify browser settings is needed to change the position of new tabs and for the option to automatically use your home page as new tab page.\n\nOptional permissions. These permissions are not needed to install and use New Tab Override:\n\n- access data for www.soeren-hentzschel.at\n\nThe permission to access data for www.soeren-hentzschel.at is only needed if you enable the option to see the latest news about Mozilla as new tab page. If enabled, New Tab Override reads the feed of www.soeren-hentzschel.at to show you the latest news.\n\nSilent permissions. New Tab Override requires additional permissions, but Firefox does not prompt requests for the following:\n\n- cookies\n\nThe cookies permission is needed to prevent the loss of container information if the container tabs feature of Firefox is used.\n\n- menus\n\nThe menus permission is needed for providing an entry in the tools menu for accessing New Tab Override's settings.\n\n- storage\n\nThe storage permission is needed so that New Tab Override can store settings such as your new tab page.","weeklyDownloads":1513,"type":"extension","creator":{"name":"Sören Hentzschel","url":"https://addons.mozilla.org/en-US/firefox/user/1351101/"},"developers":[],"screenshots":[{"url":"https://addons.mozilla.org/user-media/previews/full/187/187261.png?modified=1622132317","width":700,"height":398,"thumbnailURL":"https://addons.mozilla.org/user-media/previews/thumbs/187/187261.jpg?modified=1622132317","thumbnailWidth":533,"thumbnailHeight":303},{"url":"https://addons.mozilla.org/user-media/previews/full/187/187262.png?modified=1622132317","width":700,"height":398,"thumbnailURL":"https://addons.mozilla.org/user-media/previews/thumbs/187/187262.jpg?modified=1622132317","thumbnailWidth":533,"thumbnailHeight":303},{"url":"https://addons.mozilla.org/user-media/previews/full/187/187263.png?modified=1622132317","width":700,"height":398,"thumbnailURL":"https://addons.mozilla.org/user-media/previews/thumbs/187/187263.jpg?modified=1622132317","thumbnailWidth":533,"thumbnailHeight":303},{"url":"https://addons.mozilla.org/user-media/previews/full/187/187264.png?modified=1622132317","width":700,"height":398,"thumbnailURL":"https://addons.mozilla.org/user-media/previews/thumbs/187/187264.jpg?modified=1622132317","thumbnailWidth":533,"thumbnailHeight":303},{"url":"https://addons.mozilla.org/user-media/previews/full/187/187265.png?modified=1622132317","width":700,"height":398,"thumbnailURL":"https://addons.mozilla.org/user-media/previews/thumbs/187/187265.jpg?modified=1622132317","thumbnailWidth":533,"thumbnailHeight":303},{"url":"https://addons.mozilla.org/user-media/previews/full/187/187266.png?modified=1622132317","width":700,"height":398,"thumbnailURL":"https://addons.mozilla.org/user-media/previews/thumbs/187/187266.jpg?modified=1622132317","thumbnailWidth":533,"thumbnailHeight":303}],"contributionURL":"https://paypal.me/agenedia/3?utm_content=product-page-contribute&utm_medium=referral&utm_source=addons.mozilla.org","averageRating":4.3785,"reviewCount":425,"reviewURL":"https://addons.mozilla.org/en-US/firefox/addon/new-tab-override/reviews/","updateDate":1718878107000}]}