{"formautofill@mozilla.org":{"permissions":["internal:privateBrowsingAllowed","internal:svgContextPropertiesAllowed"],"origins":[]},"pictureinpicture@mozilla.org":{"permissions":["internal:privateBrowsingAllowed","internal:svgContextPropertiesAllowed"],"origins":[]},"screenshots@mozilla.org":{"permissions":["internal:privateBrowsingAllowed","internal:svgContextPropertiesAllowed"],"origins":[]},"webcompat@mozilla.org":{"permissions":["internal:privateBrowsingAllowed","internal:svgContextPropertiesAllowed"],"origins":[]},"default-theme@mozilla.org":{"permissions":["internal:privateBrowsingAllowed","internal:svgContextPropertiesAllowed"],"origins":[]},"addons-search-detection@mozilla.com":{"permissions":["internal:privateBrowsingAllowed","internal:svgContextPropertiesAllowed"],"origins":[]},"jid1-MnnxcxisBPnSXQ@jetpack":{"permissions":["internal:privateBrowsingAllowed"],"origins":[]},"adguardadblocker@adguard.com":{"permissions":["internal:privateBrowsingAllowed"],"origins":[]},"sponsorBlocker@ajay.app":{"permissions":["internal:privateBrowsingAllowed"],"origins":[]},"myallychou@gmail.com":{"permissions":["internal:privateBrowsingAllowed"],"origins":[]},"{8f010de3-24bd-4bdf-9317-f6498684d29d}":{"permissions":["internal:privateBrowsingAllowed"],"origins":[]},"newtaboverride@agenedia.com":{"permissions":["internal:privateBrowsingAllowed"],"origins":["https://www.soeren-hentzschel.at/*"]}}