{"schemaVersion":36,"addons":[{"id":"formautofill@mozilla.org","syncGUID":"{35ce06dd-01d3-410d-9a12-4d7371ee2083}","version":"1.0.1","type":"extension","loader":null,"updateURL":null,"installOrigins":null,"manifestVersion":2,"optionsURL":null,"optionsType":null,"optionsBrowserStyle":true,"aboutURL":null,"defaultLocale":{"name":"Form Autofill","creator":null,"developers":null,"translators":null,"contributors":null},"visible":true,"active":true,"userDisabled":false,"appDisabled":false,"embedderDisabled":false,"installDate":1728901219000,"updateDate":1728901219000,"applyBackgroundUpdates":1,"path":"/usr/lib/firefox/browser/features/formautofill@mozilla.org.xpi","skinnable":false,"sourceURI":null,"releaseNotesURI":null,"softDisabled":false,"foreignInstall":false,"strictCompatibility":true,"locales":[],"targetApplications":[{"id":"toolkit@mozilla.org","minVersion":null,"maxVersion":null}],"targetPlatforms":[],"signedDate":null,"seen":true,"dependencies":[],"incognito":"spanning","userPermissions":{"permissions":[],"origins":[]},"optionalPermissions":{"permissions":[],"origins":[]},"requestedPermissions":{"permissions":[],"origins":[]},"icons":{},"iconURL":null,"blocklistState":0,"blocklistURL":null,"startupData":null,"hidden":true,"installTelemetryInfo":null,"recommendationState":null,"rootURI":"jar:file:///usr/lib/firefox/browser/features/formautofill@mozilla.org.xpi!/","location":"app-system-defaults"},{"id":"pictureinpicture@mozilla.org","syncGUID":"{f1b19796-f2bb-4964-a341-809076fb74eb}","version":"1.0.0","type":"extension","loader":null,"updateURL":null,"installOrigins":null,"manifestVersion":2,"optionsURL":null,"optionsType":null,"optionsBrowserStyle":true,"aboutURL":null,"defaultLocale":{"name":"Picture-In-Picture","description":"Fixes for web compatibility with Picture-in-Picture","creator":null,"developers":null,"translators":null,"contributors":null},"visible":true,"active":true,"userDisabled":false,"appDisabled":false,"embedderDisabled":false,"installDate":1728901219000,"updateDate":1728901219000,"applyBackgroundUpdates":1,"path":"/usr/lib/firefox/browser/features/pictureinpicture@mozilla.org.xpi","skinnable":false,"sourceURI":null,"releaseNotesURI":null,"softDisabled":false,"foreignInstall":false,"strictCompatibility":true,"locales":[],"targetApplications":[{"id":"toolkit@mozilla.org","minVersion":"88.0a1","maxVersion":null}],"targetPlatforms":[],"signedDate":null,"seen":true,"dependencies":[],"incognito":"spanning","userPermissions":{"permissions":[],"origins":[]},"optionalPermissions":{"permissions":[],"origins":[]},"requestedPermissions":{"permissions":[],"origins":[]},"icons":{},"iconURL":null,"blocklistState":0,"blocklistURL":null,"startupData":null,"hidden":true,"installTelemetryInfo":null,"recommendationState":null,"rootURI":"jar:file:///usr/lib/firefox/browser/features/pictureinpicture@mozilla.org.xpi!/","location":"app-system-defaults"},{"id":"screenshots@mozilla.org","syncGUID":"{b095ae76-c97e-4d66-9d65-7a73a3760d27}","version":"39.0.1","type":"extension","loader":null,"updateURL":null,"installOrigins":null,"manifestVersion":2,"optionsURL":null,"optionsType":null,"optionsBrowserStyle":true,"aboutURL":null,"defaultLocale":{"name":"Firefox Screenshots","description":"Take clips and screenshots from the Web and save them temporarily or permanently.","creator":"Mozilla <screenshots-feedback@mozilla.com>","homepageURL":"https://github.com/mozilla-services/screenshots","developers":null,"translators":null,"contributors":null},"visible":true,"active":false,"userDisabled":true,"appDisabled":false,"embedderDisabled":false,"installDate":1728901219000,"updateDate":1728901219000,"applyBackgroundUpdates":1,"path":"/usr/lib/firefox/browser/features/screenshots@mozilla.org.xpi","skinnable":false,"sourceURI":null,"releaseNotesURI":null,"softDisabled":false,"foreignInstall":false,"strictCompatibility":true,"locales":[],"targetApplications":[{"id":"toolkit@mozilla.org","minVersion":"57.0a1","maxVersion":null}],"targetPlatforms":[],"signedDate":null,"seen":true,"dependencies":[],"incognito":"spanning","userPermissions":{"permissions":["activeTab","downloads","tabs","storage","notifications","clipboardWrite","contextMenus","mozillaAddons","telemetry"],"origins":["<all_urls>","https://screenshots.firefox.com/","resource://pdf.js/","about:reader*","https://screenshots.firefox.com/*"]},"optionalPermissions":{"permissions":[],"origins":[]},"requestedPermissions":{"permissions":[],"origins":[]},"icons":{},"iconURL":null,"blocklistState":0,"blocklistURL":null,"startupData":null,"hidden":true,"installTelemetryInfo":null,"recommendationState":null,"rootURI":"jar:file:///usr/lib/firefox/browser/features/screenshots@mozilla.org.xpi!/","location":"app-system-defaults"},{"id":"webcompat-reporter@mozilla.org","syncGUID":"{13198479-f8c7-480e-bfba-362a1c3cb8c5}","version":"2.1.0","type":"extension","loader":null,"updateURL":null,"installOrigins":null,"manifestVersion":2,"optionsURL":null,"optionsType":null,"optionsBrowserStyle":true,"aboutURL":null,"defaultLocale":{"name":"WebCompat Reporter","description":"Report site compatibility issues on webcompat.com","creator":"Thomas Wisniewski <twisniewski@mozilla.com>","homepageURL":"https://github.com/mozilla/webcompat-reporter","developers":null,"translators":null,"contributors":null},"visible":true,"active":false,"userDisabled":true,"appDisabled":false,"embedderDisabled":false,"installDate":1728901219000,"updateDate":1728901219000,"applyBackgroundUpdates":1,"path":"/usr/lib/firefox/browser/features/webcompat-reporter@mozilla.org.xpi","skinnable":false,"sourceURI":null,"releaseNotesURI":null,"softDisabled":false,"foreignInstall":false,"strictCompatibility":true,"locales":[],"targetApplications":[{"id":"toolkit@mozilla.org","minVersion":null,"maxVersion":null}],"targetPlatforms":[],"signedDate":null,"seen":true,"dependencies":[],"incognito":"spanning","userPermissions":{"permissions":["tabs"],"origins":["<all_urls>"]},"optionalPermissions":{"permissions":[],"origins":[]},"requestedPermissions":{"permissions":[],"origins":[]},"icons":{"16":"icons/lightbulb.svg","32":"icons/lightbulb.svg","48":"icons/lightbulb.svg","96":"icons/lightbulb.svg","128":"icons/lightbulb.svg"},"iconURL":null,"blocklistState":0,"blocklistURL":null,"startupData":null,"hidden":true,"installTelemetryInfo":null,"recommendationState":null,"rootURI":"jar:file:///usr/lib/firefox/browser/features/webcompat-reporter@mozilla.org.xpi!/","location":"app-system-defaults"},{"id":"webcompat@mozilla.org","syncGUID":"{7c963c18-0b50-45c3-8b31-c006c43ce8cf}","version":"130.2.0","type":"extension","loader":null,"updateURL":null,"installOrigins":null,"manifestVersion":2,"optionsURL":null,"optionsType":null,"optionsBrowserStyle":true,"aboutURL":null,"defaultLocale":{"name":"Web Compatibility Interventions","description":"Urgent post-release fixes for web compatibility.","creator":null,"developers":null,"translators":null,"contributors":null},"visible":true,"active":true,"userDisabled":false,"appDisabled":false,"embedderDisabled":false,"installDate":1728901219000,"updateDate":1728901219000,"applyBackgroundUpdates":1,"path":"/usr/lib/firefox/browser/features/webcompat@mozilla.org.xpi","skinnable":false,"sourceURI":null,"releaseNotesURI":null,"softDisabled":false,"foreignInstall":false,"strictCompatibility":true,"locales":[],"targetApplications":[{"id":"toolkit@mozilla.org","minVersion":"102.0","maxVersion":null}],"targetPlatforms":[],"signedDate":null,"seen":true,"dependencies":[],"incognito":"spanning","userPermissions":{"permissions":["mozillaAddons","scripting","tabs","webNavigation","webRequest","webRequestBlocking"],"origins":["<all_urls>"]},"optionalPermissions":{"permissions":[],"origins":[]},"requestedPermissions":{"permissions":[],"origins":[]},"icons":{},"iconURL":null,"blocklistState":0,"blocklistURL":null,"startupData":null,"hidden":true,"installTelemetryInfo":null,"recommendationState":null,"rootURI":"jar:file:///usr/lib/firefox/browser/features/webcompat@mozilla.org.xpi!/","location":"app-system-defaults"},{"id":"default-theme@mozilla.org","syncGUID":"{96fe5ebc-6d21-4d4d-9661-52cf61e54bae}","version":"1.3","type":"theme","loader":null,"updateURL":null,"installOrigins":null,"manifestVersion":2,"optionsURL":null,"optionsType":null,"optionsBrowserStyle":true,"aboutURL":null,"defaultLocale":{"name":"System theme — auto","description":"Follow the operating system setting for buttons, menus, and windows.","creator":"Mozilla","developers":null,"translators":null,"contributors":null},"visible":true,"active":true,"userDisabled":false,"appDisabled":false,"embedderDisabled":false,"installDate":1729169651383,"applyBackgroundUpdates":1,"path":null,"skinnable":false,"sourceURI":null,"releaseNotesURI":null,"softDisabled":false,"foreignInstall":false,"strictCompatibility":true,"locales":[],"targetApplications":[{"id":"toolkit@mozilla.org","minVersion":null,"maxVersion":null}],"targetPlatforms":[],"signedDate":null,"seen":true,"dependencies":[],"userPermissions":null,"optionalPermissions":null,"requestedPermissions":null,"icons":{"32":"icon.svg"},"iconURL":null,"blocklistState":0,"blocklistURL":null,"startupData":null,"hidden":false,"installTelemetryInfo":null,"recommendationState":null,"rootURI":"resource://default-theme/","location":"app-builtin"},{"id":"addons-search-detection@mozilla.com","syncGUID":"{15d68531-ef4b-4ee0-bab3-bb827e948f4a}","version":"2.0.0","type":"extension","loader":null,"updateURL":null,"installOrigins":null,"manifestVersion":2,"optionsURL":null,"optionsType":null,"optionsBrowserStyle":true,"aboutURL":null,"defaultLocale":{"name":"Add-ons Search Detection","description":"","creator":null,"developers":null,"translators":null,"contributors":null},"visible":true,"active":true,"userDisabled":false,"appDisabled":false,"embedderDisabled":false,"installDate":1729169651974,"applyBackgroundUpdates":1,"path":null,"skinnable":false,"sourceURI":null,"releaseNotesURI":null,"softDisabled":false,"foreignInstall":false,"strictCompatibility":true,"locales":[],"targetApplications":[{"id":"toolkit@mozilla.org","minVersion":null,"maxVersion":null}],"targetPlatforms":[],"signedDate":null,"seen":true,"dependencies":[],"incognito":"spanning","userPermissions":{"permissions":["telemetry","webRequest","webRequestBlocking"],"origins":["<all_urls>"]},"optionalPermissions":{"permissions":[],"origins":[]},"requestedPermissions":{"permissions":[],"origins":[]},"icons":{},"iconURL":null,"blocklistState":0,"blocklistURL":null,"startupData":null,"hidden":true,"installTelemetryInfo":null,"recommendationState":null,"rootURI":"resource://builtin-addons/search-detection/","location":"app-builtin"},{"id":"firefox-compact-light@mozilla.org","syncGUID":"{987fd837-32ec-4863-bdd5-8d14972081a6}","version":"1.2","type":"theme","loader":null,"updateURL":null,"installOrigins":null,"manifestVersion":2,"optionsURL":null,"optionsType":null,"optionsBrowserStyle":true,"aboutURL":null,"defaultLocale":{"name":"Light","description":"A theme with a light color scheme.","creator":"Mozilla","developers":null,"translators":null,"contributors":null},"visible":true,"active":false,"userDisabled":true,"appDisabled":false,"embedderDisabled":false,"installDate":1729169652109,"applyBackgroundUpdates":1,"path":null,"skinnable":false,"sourceURI":null,"releaseNotesURI":null,"softDisabled":false,"foreignInstall":false,"strictCompatibility":true,"locales":[],"targetApplications":[{"id":"toolkit@mozilla.org","minVersion":null,"maxVersion":null}],"targetPlatforms":[],"signedDate":null,"seen":true,"dependencies":[],"userPermissions":null,"optionalPermissions":null,"requestedPermissions":null,"icons":{"32":"icon.svg"},"iconURL":null,"blocklistState":0,"blocklistURL":null,"startupData":null,"hidden":false,"installTelemetryInfo":null,"recommendationState":null,"rootURI":"resource://builtin-themes/light/","location":"app-builtin"},{"id":"firefox-compact-dark@mozilla.org","syncGUID":"{0e47e752-f47b-42a5-acca-402bbee7e3f6}","version":"1.2","type":"theme","loader":null,"updateURL":null,"installOrigins":null,"manifestVersion":2,"optionsURL":null,"optionsType":null,"optionsBrowserStyle":true,"aboutURL":null,"defaultLocale":{"name":"Dark","description":"A theme with a dark color scheme.","creator":"Mozilla","developers":null,"translators":null,"contributors":null},"visible":true,"active":false,"userDisabled":true,"appDisabled":false,"embedderDisabled":false,"installDate":1729169652109,"applyBackgroundUpdates":1,"path":null,"skinnable":false,"sourceURI":null,"releaseNotesURI":null,"softDisabled":false,"foreignInstall":false,"strictCompatibility":true,"locales":[],"targetApplications":[{"id":"toolkit@mozilla.org","minVersion":null,"maxVersion":null}],"targetPlatforms":[],"signedDate":null,"seen":true,"dependencies":[],"userPermissions":null,"optionalPermissions":null,"requestedPermissions":null,"icons":{"32":"icon.svg"},"iconURL":null,"blocklistState":0,"blocklistURL":null,"startupData":null,"hidden":false,"installTelemetryInfo":null,"recommendationState":null,"rootURI":"resource://builtin-themes/dark/","location":"app-builtin"},{"id":"firefox-alpenglow@mozilla.org","syncGUID":"{82b1097f-9c68-485c-a931-63a228bb880e}","version":"1.4","type":"theme","loader":null,"updateURL":null,"installOrigins":null,"manifestVersion":2,"optionsURL":null,"optionsType":null,"optionsBrowserStyle":true,"aboutURL":null,"defaultLocale":{"name":"Firefox Alpenglow","description":"Use a colorful appearance for buttons, menus, and windows.","creator":null,"developers":null,"translators":null,"contributors":null},"visible":true,"active":false,"userDisabled":true,"appDisabled":false,"embedderDisabled":false,"installDate":1729169652109,"applyBackgroundUpdates":1,"path":null,"skinnable":false,"sourceURI":null,"releaseNotesURI":null,"softDisabled":false,"foreignInstall":false,"strictCompatibility":true,"locales":[],"targetApplications":[{"id":"toolkit@mozilla.org","minVersion":null,"maxVersion":null}],"targetPlatforms":[],"signedDate":null,"seen":true,"dependencies":[],"userPermissions":null,"optionalPermissions":null,"requestedPermissions":null,"icons":{"32":"icon.svg"},"iconURL":null,"blocklistState":0,"blocklistURL":null,"startupData":null,"hidden":false,"installTelemetryInfo":null,"recommendationState":null,"rootURI":"resource://builtin-themes/alpenglow/","location":"app-builtin"},{"id":"jid1-MnnxcxisBPnSXQ@jetpack","syncGUID":"{47dbde2e-8213-49c6-88b1-2a6cd6851d11}","version":"2023.6.23","type":"extension","loader":null,"updateURL":null,"installOrigins":null,"manifestVersion":2,"optionsURL":"/skin/options.html","optionsType":3,"optionsBrowserStyle":false,"aboutURL":null,"defaultLocale":{"name":"Privacy Badger","description":"Privacy Badger automatically learns to block invisible trackers.","creator":"privacybadger-owner@eff.org","developers":null,"translators":null,"contributors":null},"visible":true,"active":true,"userDisabled":false,"appDisabled":false,"embedderDisabled":false,"installDate":1729169690842,"updateDate":1729169690842,"applyBackgroundUpdates":1,"path":"/home/gamer/.mozilla/firefox/kb1yyvt7.default-release/extensions/jid1-MnnxcxisBPnSXQ@jetpack.xpi","skinnable":false,"sourceURI":"https://addons.mozilla.org/firefox/downloads/file/4129240/privacy_badger17-2023.6.23.xpi","releaseNotesURI":null,"softDisabled":false,"foreignInstall":false,"strictCompatibility":true,"locales":[{"name":"Privacy Badger","description":"Privacy Badger automatically learns to block invisible trackers.","creator":"privacybadger-owner@eff.org","developers":null,"translators":null,"contributors":null,"locales":["en-US"]},{"name":"Privacy Badger","description":"Privacy Badgerは、目に見えないトラッカーを自動的に学習してブロックします。","creator":"privacybadger-owner@eff.org","developers":null,"translators":null,"contributors":null,"locales":["ja"]},{"name":"Privacy Badger","description":"O Privacy Badger aprende automaticamente a bloquear rastreadores invisíveis.","creator":"privacybadger-owner@eff.org","developers":null,"translators":null,"contributors":null,"locales":["pt-PT"]},{"name":"Privacy Badger","description":"Privacy Badger apprend automatiquement à bloquer les traqueurs invisibles.","creator":"privacybadger-owner@eff.org","developers":null,"translators":null,"contributors":null,"locales":["fr"]},{"name":"Privacy Badger","description":"Privacy Badger автоматично се научава да блокира невидими преследвачи.","creator":"privacybadger-owner@eff.org","developers":null,"translators":null,"contributors":null,"locales":["bg"]},{"name":"Privacy Badger","description":"Privacy Badger lär sig automatiskt att blockera osynliga spårare.","creator":"privacybadger-owner@eff.org","developers":null,"translators":null,"contributors":null,"locales":["sv"]},{"name":"Privacy Badger","description":"Privacy Badger se automaticky učí blokovat neviditelné sledovací prvky na webových stránkách.","creator":"privacybadger-owner@eff.org","developers":null,"translators":null,"contributors":null,"locales":["cs"]},{"name":"Privacy Badger","description":"A Privacy Badger automatikusan megtanulja a láthatatlan követők tiltását.","creator":"privacybadger-owner@eff.org","developers":null,"translators":null,"contributors":null,"locales":["hu"]},{"name":"Privata Melo","description":"Privata Melo aŭtomate lernas bloki nevideblajn spurilojn.","creator":"privacybadger-owner@eff.org","developers":null,"translators":null,"contributors":null,"locales":["eo"]},{"name":"Privacy Badger","description":"Privacy Badger tự động học cách chặn các máy theo dõi mà chạy ngầm.","creator":"privacybadger-owner@eff.org","developers":null,"translators":null,"contributors":null,"locales":["vi"]},{"name":"Privacy Badger","description":"Privacy Badger автоматично навчається блокувати невидимі елементи стеження.","creator":"privacybadger-owner@eff.org","developers":null,"translators":null,"contributors":null,"locales":["uk"]},{"name":"«غرير الخصوصية»","description":"يتعلم «غرير الخصوصية» تلقائيا أن يحجب المتعقبات الخفية.","creator":"privacybadger-owner@eff.org","developers":null,"translators":null,"contributors":null,"locales":["ar"]},{"name":"Privacy Badger","description":"Privacy Badger는 자동으로 보이지 않는 추적기를 차단하는 법을 학습합니다.","creator":"privacybadger-owner@eff.org","developers":null,"translators":null,"contributors":null,"locales":["ko"]},{"name":"Privacy Badger","description":"प्राइवेसी बैजर स्वचालित रूप से अदृश्य ट्रैकर्स को अवरोधित करना सीखता है।","creator":"privacybadger-owner@eff.org","developers":null,"translators":null,"contributors":null,"locales":["hi"]},{"name":"Privacy Badger","description":"Privacy Badger impara automaticamente a bloccare i tracker invisibili.","creator":"privacybadger-owner@eff.org","developers":null,"translators":null,"contributors":null,"locales":["it"]},{"name":"Privacy Badger","description":"El Privacy Badger aprèn automàticament a blocar rastrejadors invisibles.","creator":"privacybadger-owner@eff.org","developers":null,"translators":null,"contributors":null,"locales":["ca"]},{"name":"Privacy Badger","description":"Privacy Badger lernt automatisch, unsichtbare Tracker zu blocken.","creator":"privacybadger-owner@eff.org","developers":null,"translators":null,"contributors":null,"locales":["de"]},{"name":"پرایوسی بجر","description":"پرایوسی بجر به صورت خودکار یاد می‌گیرد تا ردیاب‌های مخفی را مسدود کند.","creator":"privacybadger-owner@eff.org","developers":null,"translators":null,"contributors":null,"locales":["fa"]},{"name":"Privacy Badger","description":"Privacy Badger automatycznie uczy się blokować niewidoczne elementy śledzące.","creator":"privacybadger-owner@eff.org","developers":null,"translators":null,"contributors":null,"locales":["pl"]},{"name":"隐私獾","description":"隐私獾会自动学习去阻止不可见的追踪器。","creator":"privacybadger-owner@eff.org","developers":null,"translators":null,"contributors":null,"locales":["zh-CN"]},{"name":"Privacy Badger","description":"Privacy Badger oppii automaattisesti estämään näkymättömät seurannat.","creator":"privacybadger-owner@eff.org","developers":null,"translators":null,"contributors":null,"locales":["fi"]},{"name":"Privacy Badger","description":"Privacy Badger автоматически учится блокировать невидимые трекеры.","creator":"privacybadger-owner@eff.org","developers":null,"translators":null,"contributors":null,"locales":["ru"]},{"name":"Privacy Badger","description":"Το Privacy Badger μαθαίνει αυτόματα να αποκλείει \"αόρατους\" ιχνηλάτες.","creator":"privacybadger-owner@eff.org","developers":null,"translators":null,"contributors":null,"locales":["el"]},{"name":"Privacy Badger","description":"Privacy Badger aprende automáticamente a bloquear rastreadores invisibles.","creator":"privacybadger-owner@eff.org","developers":null,"translators":null,"contributors":null,"locales":["es"]},{"name":"Privacy Badger","description":"Privacy Badger 會自動學習並阻擋不可見的追蹤器。","creator":"privacybadger-owner@eff.org","developers":null,"translators":null,"contributors":null,"locales":["zh-TW"]},{"name":"Privacy Badger","description":"Privacy Badger לומד באופן אוטומטי לחסום עוקבנים בלתי נראים.","creator":"privacybadger-owner@eff.org","developers":null,"translators":null,"contributors":null,"locales":["he"]},{"name":"Privacy Badger","description":"O Privacy Badger aprende automaticamente a bloquear rastreadores invisíveis.","creator":"privacybadger-owner@eff.org","developers":null,"translators":null,"contributors":null,"locales":["pt-BR"]},{"name":"Privacy Badger","description":"Privacy Badger lærer automatisk at blokere usynlige sporinger.","creator":"privacybadger-owner@eff.org","developers":null,"translators":null,"contributors":null,"locales":["da"]},{"name":"Privacy Badger","description":"Privacy Badger görünmez takipçileri engellemeyi otomatik olarak öğrenir.","creator":"privacybadger-owner@eff.org","developers":null,"translators":null,"contributors":null,"locales":["tr"]},{"name":"Privacy Badger","description":"Privacy Badger leert automatisch onzichtbare volgers te blokkeren.","creator":"privacybadger-owner@eff.org","developers":null,"translators":null,"contributors":null,"locales":["nl"]}],"targetApplications":[{"id":"toolkit@mozilla.org","minVersion":"60.0","maxVersion":null}],"targetPlatforms":[],"signedState":2,"signedTypes":[2,0],"signedDate":1687969078000,"seen":true,"dependencies":[],"incognito":"spanning","userPermissions":{"permissions":["tabs","webNavigation","webRequest","webRequestBlocking","storage","privacy"],"origins":["http://*/*","https://*/*","https://*.facebook.com/*","http://*.facebook.com/*","https://*.messenger.com/*","http://*.messenger.com/*","*://*.facebookcorewwwi.onion/*","https://www.google.com/*","http://www.google.com/*","https://www.google.ad/*","http://www.google.ad/*","https://www.google.ae/*","http://www.google.ae/*","https://www.google.com.af/*","http://www.google.com.af/*","https://www.google.com.ag/*","http://www.google.com.ag/*","https://www.google.com.ai/*","http://www.google.com.ai/*","https://www.google.al/*","http://www.google.al/*","https://www.google.am/*","http://www.google.am/*","https://www.google.co.ao/*","http://www.google.co.ao/*","https://www.google.com.ar/*","http://www.google.com.ar/*","https://www.google.as/*","http://www.google.as/*","https://www.google.at/*","http://www.google.at/*","https://www.google.com.au/*","http://www.google.com.au/*","https://www.google.az/*","http://www.google.az/*","https://www.google.ba/*","http://www.google.ba/*","https://www.google.com.bd/*","http://www.google.com.bd/*","https://www.google.be/*","http://www.google.be/*","https://www.google.bf/*","http://www.google.bf/*","https://www.google.bg/*","http://www.google.bg/*","https://www.google.com.bh/*","http://www.google.com.bh/*","https://www.google.bi/*","http://www.google.bi/*","https://www.google.bj/*","http://www.google.bj/*","https://www.google.com.bn/*","http://www.google.com.bn/*","https://www.google.com.bo/*","http://www.google.com.bo/*","https://www.google.com.br/*","http://www.google.com.br/*","https://www.google.bs/*","http://www.google.bs/*","https://www.google.bt/*","http://www.google.bt/*","https://www.google.co.bw/*","http://www.google.co.bw/*","https://www.google.by/*","http://www.google.by/*","https://www.google.com.bz/*","http://www.google.com.bz/*","https://www.google.ca/*","http://www.google.ca/*","https://www.google.cd/*","http://www.google.cd/*","https://www.google.cf/*","http://www.google.cf/*","https://www.google.cg/*","http://www.google.cg/*","https://www.google.ch/*","http://www.google.ch/*","https://www.google.ci/*","http://www.google.ci/*","https://www.google.co.ck/*","http://www.google.co.ck/*","https://www.google.cl/*","http://www.google.cl/*","https://www.google.cm/*","http://www.google.cm/*","https://www.google.cn/*","http://www.google.cn/*","https://www.google.com.co/*","http://www.google.com.co/*","https://www.google.co.cr/*","http://www.google.co.cr/*","https://www.google.com.cu/*","http://www.google.com.cu/*","https://www.google.cv/*","http://www.google.cv/*","https://www.google.com.cy/*","http://www.google.com.cy/*","https://www.google.cz/*","http://www.google.cz/*","https://www.google.de/*","http://www.google.de/*","https://www.google.dj/*","http://www.google.dj/*","https://www.google.dk/*","http://www.google.dk/*","https://www.google.dm/*","http://www.google.dm/*","https://www.google.com.do/*","http://www.google.com.do/*","https://www.google.dz/*","http://www.google.dz/*","https://www.google.com.ec/*","http://www.google.com.ec/*","https://www.google.ee/*","http://www.google.ee/*","https://www.google.com.eg/*","http://www.google.com.eg/*","https://www.google.es/*","http://www.google.es/*","https://www.google.com.et/*","http://www.google.com.et/*","https://www.google.fi/*","http://www.google.fi/*","https://www.google.com.fj/*","http://www.google.com.fj/*","https://www.google.fm/*","http://www.google.fm/*","https://www.google.fr/*","http://www.google.fr/*","https://www.google.ga/*","http://www.google.ga/*","https://www.google.ge/*","http://www.google.ge/*","https://www.google.gg/*","http://www.google.gg/*","https://www.google.com.gh/*","http://www.google.com.gh/*","https://www.google.com.gi/*","http://www.google.com.gi/*","https://www.google.gl/*","http://www.google.gl/*","https://www.google.gm/*","http://www.google.gm/*","https://www.google.gr/*","http://www.google.gr/*","https://www.google.com.gt/*","http://www.google.com.gt/*","https://www.google.gy/*","http://www.google.gy/*","https://www.google.com.hk/*","http://www.google.com.hk/*","https://www.google.hn/*","http://www.google.hn/*","https://www.google.hr/*","http://www.google.hr/*","https://www.google.ht/*","http://www.google.ht/*","https://www.google.hu/*","http://www.google.hu/*","https://www.google.co.id/*","http://www.google.co.id/*","https://www.google.ie/*","http://www.google.ie/*","https://www.google.co.il/*","http://www.google.co.il/*","https://www.google.im/*","http://www.google.im/*","https://www.google.co.in/*","http://www.google.co.in/*","https://www.google.iq/*","http://www.google.iq/*","https://www.google.is/*","http://www.google.is/*","https://www.google.it/*","http://www.google.it/*","https://www.google.je/*","http://www.google.je/*","https://www.google.com.jm/*","http://www.google.com.jm/*","https://www.google.jo/*","http://www.google.jo/*","https://www.google.co.jp/*","http://www.google.co.jp/*","https://www.google.co.ke/*","http://www.google.co.ke/*","https://www.google.com.kh/*","http://www.google.com.kh/*","https://www.google.ki/*","http://www.google.ki/*","https://www.google.kg/*","http://www.google.kg/*","https://www.google.co.kr/*","http://www.google.co.kr/*","https://www.google.com.kw/*","http://www.google.com.kw/*","https://www.google.kz/*","http://www.google.kz/*","https://www.google.la/*","http://www.google.la/*","https://www.google.com.lb/*","http://www.google.com.lb/*","https://www.google.li/*","http://www.google.li/*","https://www.google.lk/*","http://www.google.lk/*","https://www.google.co.ls/*","http://www.google.co.ls/*","https://www.google.lt/*","http://www.google.lt/*","https://www.google.lu/*","http://www.google.lu/*","https://www.google.lv/*","http://www.google.lv/*","https://www.google.com.ly/*","http://www.google.com.ly/*","https://www.google.co.ma/*","http://www.google.co.ma/*","https://www.google.md/*","http://www.google.md/*","https://www.google.me/*","http://www.google.me/*","https://www.google.mg/*","http://www.google.mg/*","https://www.google.mk/*","http://www.google.mk/*","https://www.google.ml/*","http://www.google.ml/*","https://www.google.com.mm/*","http://www.google.com.mm/*","https://www.google.mn/*","http://www.google.mn/*","https://www.google.ms/*","http://www.google.ms/*","https://www.google.com.mt/*","http://www.google.com.mt/*","https://www.google.mu/*","http://www.google.mu/*","https://www.google.mv/*","http://www.google.mv/*","https://www.google.mw/*","http://www.google.mw/*","https://www.google.com.mx/*","http://www.google.com.mx/*","https://www.google.com.my/*","http://www.google.com.my/*","https://www.google.co.mz/*","http://www.google.co.mz/*","https://www.google.com.na/*","http://www.google.com.na/*","https://www.google.com.ng/*","http://www.google.com.ng/*","https://www.google.com.ni/*","http://www.google.com.ni/*","https://www.google.ne/*","http://www.google.ne/*","https://www.google.nl/*","http://www.google.nl/*","https://www.google.no/*","http://www.google.no/*","https://www.google.com.np/*","http://www.google.com.np/*","https://www.google.nr/*","http://www.google.nr/*","https://www.google.nu/*","http://www.google.nu/*","https://www.google.co.nz/*","http://www.google.co.nz/*","https://www.google.com.om/*","http://www.google.com.om/*","https://www.google.com.pa/*","http://www.google.com.pa/*","https://www.google.com.pe/*","http://www.google.com.pe/*","https://www.google.com.pg/*","http://www.google.com.pg/*","https://www.google.com.ph/*","http://www.google.com.ph/*","https://www.google.com.pk/*","http://www.google.com.pk/*","https://www.google.pl/*","http://www.google.pl/*","https://www.google.pn/*","http://www.google.pn/*","https://www.google.com.pr/*","http://www.google.com.pr/*","https://www.google.ps/*","http://www.google.ps/*","https://www.google.pt/*","http://www.google.pt/*","https://www.google.com.py/*","http://www.google.com.py/*","https://www.google.com.qa/*","http://www.google.com.qa/*","https://www.google.ro/*","http://www.google.ro/*","https://www.google.ru/*","http://www.google.ru/*","https://www.google.rw/*","http://www.google.rw/*","https://www.google.com.sa/*","http://www.google.com.sa/*","https://www.google.com.sb/*","http://www.google.com.sb/*","https://www.google.sc/*","http://www.google.sc/*","https://www.google.se/*","http://www.google.se/*","https://www.google.com.sg/*","http://www.google.com.sg/*","https://www.google.sh/*","http://www.google.sh/*","https://www.google.si/*","http://www.google.si/*","https://www.google.sk/*","http://www.google.sk/*","https://www.google.com.sl/*","http://www.google.com.sl/*","https://www.google.sn/*","http://www.google.sn/*","https://www.google.so/*","http://www.google.so/*","https://www.google.sm/*","http://www.google.sm/*","https://www.google.sr/*","http://www.google.sr/*","https://www.google.st/*","http://www.google.st/*","https://www.google.com.sv/*","http://www.google.com.sv/*","https://www.google.td/*","http://www.google.td/*","https://www.google.tg/*","http://www.google.tg/*","https://www.google.co.th/*","http://www.google.co.th/*","https://www.google.com.tj/*","http://www.google.com.tj/*","https://www.google.tl/*","http://www.google.tl/*","https://www.google.tm/*","http://www.google.tm/*","https://www.google.tn/*","http://www.google.tn/*","https://www.google.to/*","http://www.google.to/*","https://www.google.com.tr/*","http://www.google.com.tr/*","https://www.google.tt/*","http://www.google.tt/*","https://www.google.com.tw/*","http://www.google.com.tw/*","https://www.google.co.tz/*","http://www.google.co.tz/*","https://www.google.com.ua/*","http://www.google.com.ua/*","https://www.google.co.ug/*","http://www.google.co.ug/*","https://www.google.co.uk/*","http://www.google.co.uk/*","https://www.google.com.uy/*","http://www.google.com.uy/*","https://www.google.co.uz/*","http://www.google.co.uz/*","https://www.google.com.vc/*","http://www.google.com.vc/*","https://www.google.co.ve/*","http://www.google.co.ve/*","https://www.google.vg/*","http://www.google.vg/*","https://www.google.co.vi/*","http://www.google.co.vi/*","https://www.google.com.vn/*","http://www.google.com.vn/*","https://www.google.vu/*","http://www.google.vu/*","https://www.google.ws/*","http://www.google.ws/*","https://www.google.rs/*","http://www.google.rs/*","https://www.google.co.za/*","http://www.google.co.za/*","https://www.google.co.zm/*","http://www.google.co.zm/*","https://www.google.co.zw/*","http://www.google.co.zw/*","https://www.google.cat/*","http://www.google.cat/*","https://hangouts.google.com/*","http://hangouts.google.com/*","https://docs.google.com/*","http://docs.google.com/*","<all_urls>"]},"optionalPermissions":{"permissions":[],"origins":[]},"requestedPermissions":{"permissions":[],"origins":[]},"icons":{"16":"icons/badger-16.png","19":"icons/badger-19.png","38":"icons/badger-38.png","48":"icons/badger-48.png","64":"icons/badger-64.png","128":"icons/badger-128.png"},"iconURL":null,"blocklistState":0,"blocklistURL":null,"startupData":null,"hidden":false,"installTelemetryInfo":{"source":"aboutwelcome-addon"},"recommendationState":{"validNotAfter":1845757078000,"validNotBefore":1687969078000,"states":["recommended-android","recommended"]},"rootURI":"jar:file:///home/gamer/.mozilla/firefox/kb1yyvt7.default-release/extensions/jid1-MnnxcxisBPnSXQ@jetpack.xpi!/","location":"app-profile"},{"id":"adguardadblocker@adguard.com","syncGUID":"{a31e1b1a-f57a-4b2a-95a0-5c1089a006fd}","version":"4.4.30","type":"extension","loader":null,"updateURL":null,"installOrigins":null,"manifestVersion":2,"optionsURL":"pages/options.html","optionsType":3,"optionsBrowserStyle":false,"aboutURL":null,"defaultLocale":{"name":"AdGuard AdBlocker","description":"Unmatched adblock extension against advertising and pop-ups. Blocks ads on Facebook, YouTube and all other websites.","creator":"Adguard Software Ltd","developers":null,"translators":null,"contributors":null},"visible":true,"active":true,"userDisabled":false,"appDisabled":false,"embedderDisabled":false,"installDate":1729169731370,"updateDate":1729169731370,"applyBackgroundUpdates":1,"path":"/home/gamer/.mozilla/firefox/kb1yyvt7.default-release/extensions/adguardadblocker@adguard.com.xpi","skinnable":false,"sourceURI":"https://addons.mozilla.org/firefox/downloads/file/4365735/adguard_adblocker-4.4.30.xpi","releaseNotesURI":null,"softDisabled":false,"foreignInstall":false,"strictCompatibility":true,"locales":[{"name":"AdGuard AdBlocker","description":"Unmatched adblock extension against advertising and pop-ups. Blocks ads on Facebook, YouTube and all other websites.","creator":"Adguard Software Ltd","developers":null,"translators":null,"contributors":null,"locales":["en"]},{"name":"AdGuard AdBlocker","description":"Unmatched adblock extension against advertising and pop-ups. Blocks ads on Facebook, Youtube and all other websites.","creator":"Adguard Software Ltd","developers":null,"translators":null,"contributors":null,"locales":["te"]},{"name":"AdGuardi reklaamiblokeerija","description":"Parim reklaamiblokeerija, mis blokeerib reklaame ja hüpikaknaid kõikjal, sealhulgas Facebookis ja YouTubes.","creator":"Adguard Software Ltd","developers":null,"translators":null,"contributors":null,"locales":["et"]},{"name":"AdGuard 広告ブロッカー","description":"AdGuardは、広告やポップアップ対処には比類のない広告ブロック拡張機能です。Facebook、YouTubeやその他のサイトで広告をブロックします。","creator":"Adguard Software Ltd","developers":null,"translators":null,"contributors":null,"locales":["ja"]},{"name":"Bloqueador de publicidade do AdGuard","description":"Extensão de bloqueio de anúncios eficaz contra publicidade e popups. Bloqueia anúncios no Facebook, no YouTube e outros sítios.","creator":"Adguard Software Ltd","developers":null,"translators":null,"contributors":null,"locales":["pt-PT"]},{"name":"AdGuard AdBlocker","description":"Unmatched adblock extension against advertising and pop-ups. Blocks ads on Facebook, Youtube and all other websites.","creator":"Adguard Software Ltd","developers":null,"translators":null,"contributors":null,"locales":["bn"]},{"name":"AdGuard AdBlocker","description":"Extension sans égal contre la publicité et les pop-ups. Bloque les publicités sur Facebook, YouTube et tous les autres sites web.","creator":"Adguard Software Ltd","developers":null,"translators":null,"contributors":null,"locales":["fr"]},{"name":"AdGuard рекламен блокер","description":"Ненадминато разширение на adblock, което блокира реклама и изскачащи прозорци в Facebook, YouTube и други сайтове.","creator":"Adguard Software Ltd","developers":null,"translators":null,"contributors":null,"locales":["bg"]},{"name":"AdGuard AdBlocker","description":"Ekstensi adblock tidak cocok melawan iklan dan pop-ups. Blokir iklan pada Facebook, YouTube dan semua situs lainnya.","creator":"Adguard Software Ltd","developers":null,"translators":null,"contributors":null,"locales":["id"]},{"name":"AdGuard AdBlocker","description":"Unmatched adblock extension against advertising and pop-ups. Blocks ads on Facebook, Youtube and all other websites.","creator":"Adguard Software Ltd","developers":null,"translators":null,"contributors":null,"locales":["kn"]},{"name":"AdGuard AdBlocker","description":"Oöverträffat tillägg för blockering av annonser och popups. Blockerar annonser på Facebook, YouTube och på alla andra webbplatser.","creator":"Adguard Software Ltd","developers":null,"translators":null,"contributors":null,"locales":["sv"]},{"name":"Blokátor reklam AdGuard","description":"Nepřekonané rozšíření proti reklamám a vyskakovacím oknům. Blokuje reklamy na Facebooku, YouTube a všech ostatních stránkách.","creator":"Adguard Software Ltd","developers":null,"translators":null,"contributors":null,"locales":["cs"]},{"name":"AdGuard Hirdetésblokkoló","description":"Páratlan adblock kiegészítő a reklámok és felugró ablakok ellen. Blokkolja a Facebook, YouTube és más webhelyek hirdetéseit.","creator":"Adguard Software Ltd","developers":null,"translators":null,"contributors":null,"locales":["hu"]},{"name":"AdGuard blokator reklama","description":"Neuporedivo proširenje protiv reklama i iskačućih prozora. Blokira reklame na Facebook, YouTube i svim drugim veb lokacijama.","creator":"Adguard Software Ltd","developers":null,"translators":null,"contributors":null,"locales":["sr-Latn"]},{"name":"AdGuard AdBlocker","description":"Ứng dụng ngăn chặn tuyệt đối quảng cáo và cửa sổ bật lên. Loại bỏ quảng cáo trên Facebook, Youtube và tất cả các trang web khác.","creator":"Adguard Software Ltd","developers":null,"translators":null,"contributors":null,"locales":["vi"]},{"name":"AdGuard Антибанер","description":"Неперевершений захист від реклами та спливних вікон. Блокує рекламу на Facebook, YouTube та усіх інших сайтах.","creator":"Adguard Software Ltd","developers":null,"translators":null,"contributors":null,"locales":["uk"]},{"name":"مانع الإعلانات AdGuard","description":"امتداد لحظر الإعلانات لا مثيل له ضد الإعلانات والنوافذ المنبثقة. يحظر الإعلانات على فيسبوك ويوتيوب وجميع مواقع الويب الأخرى.","creator":"Adguard Software Ltd","developers":null,"translators":null,"contributors":null,"locales":["ar"]},{"name":"AdGuard 광고차단기","description":"광고, 팝업, Facebook이나 YouTube 등 사이트의 광고를 차단하는 타의 추종을 불허하는 광고 차단 확장 프로그램입니다.","creator":"Adguard Software Ltd","developers":null,"translators":null,"contributors":null,"locales":["ko"]},{"name":"AdGuard AdBlocker","description":"Inigualable extensión para bloqueo de anuncios y ventanas emergentes. Bloquea anuncios en Facebook, YouTube y los demás sitios web.","creator":"Adguard Software Ltd","developers":null,"translators":null,"contributors":null,"locales":["es-419"]},{"name":"AdGuard AdBlocker","description":"Estensione per il blocco di annunci e pop-up. Blocca le inserzioni su Facebook, YouTube e tutti gli altri siti internet.","creator":"Adguard Software Ltd","developers":null,"translators":null,"contributors":null,"locales":["it"]},{"name":"AdGuard AdBlocker","description":"Unmatched adblock extension against advertising and pop-ups. Blocks ads on Facebook, Youtube and all other websites.","creator":"Adguard Software Ltd","developers":null,"translators":null,"contributors":null,"locales":["ta"]},{"name":"AdGuard AdBlocker","description":"Nepralenkiama apsauga nuo reklamų ir iškylančių langų. Blokuoja skelbimus Facebook, YouTube ir visose kitose svetainėse.","creator":"Adguard Software Ltd","developers":null,"translators":null,"contributors":null,"locales":["lt"]},{"name":"AdGuard AdBlocker","description":"Unmatched adblock extension against advertising and pop-ups. Blocks ads on Facebook, Youtube and all other websites.","creator":"Adguard Software Ltd","developers":null,"translators":null,"contributors":null,"locales":["mk-MK"]},{"name":"AdGuard AdBlocker","description":"Неспоредлива екстензија за блокирање на реклами и скокачки прозорци. Блокира реклами на Facebook, YouTube и сите други веб-локации.","creator":"Adguard Software Ltd","developers":null,"translators":null,"contributors":null,"locales":["mk"]},{"name":"AdGuard AdBlocker","description":"Unmatched adblock extension against advertising and pop-ups. Blocks ads on Facebook, Youtube and all other websites.","creator":"Adguard Software Ltd","developers":null,"translators":null,"contributors":null,"locales":["sr"]},{"name":"एडवर्ड टब्लिकर","description":"विज्ञापन और पॉप अप के खिलाफ बेजोड़ एडब्लॉक विस्तारफेसबुक, यूट्यूब और अन्य सभी वेबसाइटों पर विज्ञापन ब्लॉक करता है","creator":"Adguard Software Ltd","developers":null,"translators":null,"contributors":null,"locales":["hi"]},{"name":"AdGuard AdBlocker","description":"ส่วนขยาย adblock ที่ไม่ตรงกันกับการโฆษณาและป๊อปอัป ปิดกั้นโฆษณาบน Facebook, YouTube และเว็บไซต์อื่น ๆ ทั้งหมด","creator":"Adguard Software Ltd","developers":null,"translators":null,"contributors":null,"locales":["th"]},{"name":"Filtre de publicitat d'AdGuard","description":"Extensió per bloquejar publicitat i finestres emergents. Bloqueja anuncis a Facebook, YouTube i tots els altres llocs web.","creator":"Adguard Software Ltd","developers":null,"translators":null,"contributors":null,"locales":["ca"]},{"name":"AdGuard Werbeblocker","description":"Unübertroffene Werbeblocker-Erweiterung gegen Werbung und Pop-ups. Sperrt Werbung auf Facebook, YouTube und allen anderen Websites.","creator":"Adguard Software Ltd","developers":null,"translators":null,"contributors":null,"locales":["de"]},{"name":"AdGuard-annonseblokkerer","description":"Uovertruffen adblock-udvidelse mod annoncering og pop-ups. Blokerer annoncer på Facebook, YouTube og alle andre websteder.","creator":"Adguard Software Ltd","developers":null,"translators":null,"contributors":null,"locales":["nb"]},{"name":"Penghalang Iklan AdGuard","description":"Penyambung terbaik untuk halang iklan pop-keluar di Facebook, YouTube dan semua laman web.","creator":"Adguard Software Ltd","developers":null,"translators":null,"contributors":null,"locales":["ms"]},{"name":"AdGuard blokovač reklamy","description":"Neprekonané rozšírenie proti reklamám a vyskakovacím oknám. Blokuje reklamy na Facebooku, YouTube a na ostatných webových stránkach.","creator":"Adguard Software Ltd","developers":null,"translators":null,"contributors":null,"locales":["sk"]},{"name":"مسدودساز تبلیغ AdGuard","description":"افزونه مسدودساز تبلیغ بی‌همتا در برابر تبلیغات و پنجره‌های بازشو. تبلیغات را در فیسبوک،یوتیوب و سایر تارنماها مسدود می‌کند.","creator":"Adguard Software Ltd","developers":null,"translators":null,"contributors":null,"locales":["fa"]},{"name":"AdGuard AdBlocker","description":"Unmatched adblock extension against advertising and pop-ups. Blocks ads on Facebook, Youtube and all other websites.","creator":"Adguard Software Ltd","developers":null,"translators":null,"contributors":null,"locales":["lv"]},{"name":"AdGuard 广告拦截器","description":"一款无与伦比的广告拦截扩展，用以对抗各式广告与弹窗。可以拦截 Facebook、YouTube 和其它所有网站的广告。","creator":"Adguard Software Ltd","developers":null,"translators":null,"contributors":null,"locales":["zh-CN"]},{"name":"AdGuard AdBlocker","description":"Unmatched adblock extension against advertising and pop-ups. Blocks ads on Facebook, Youtube and all other websites.","creator":"Adguard Software Ltd","developers":null,"translators":null,"contributors":null,"locales":["fil"]},{"name":"AdGuard Zaviralec oglasov","description":"Neujemajoča se razširitev za zaviranje oglasov. Zavira oglase na Facebooku, YouTubeu in vseh drugih spletnih straneh.","creator":"Adguard Software Ltd","developers":null,"translators":null,"contributors":null,"locales":["sl"]},{"name":"AdGuard Антибаннер","description":"Эффективное расширение для блокировки рекламы и всплывающих окон. Блокирует рекламу в VK, Одноклассниках, YouTube и других сайтах.","creator":"Adguard Software Ltd","developers":null,"translators":null,"contributors":null,"locales":["ru"]},{"name":"Bloker reklam AdGuard","description":"Rozszerzenie blokujące reklamy i wyskakujące okienka. Blokuje reklamy na Facebooku, YouTube i innych stronach internetowych.","creator":"Adguard Software Ltd","developers":null,"translators":null,"contributors":null,"locales":["pl"]},{"name":"AdGuard AdBlocker","description":"Najbolje proširenje za blokadu oglasa i skočnih prozora. Blokira oglase na Facebook-u, YouTube-u i drugim web stranicama.","creator":"Adguard Software Ltd","developers":null,"translators":null,"contributors":null,"locales":["hr"]},{"name":"AdGuard AdBlocker","description":"Անգերազանցելի ընդլայնում՝ ընդդեմ գովազդի և ելնող պատուհանների: Արգելափակում է գովազդները Facebook-ում, Youtube-ում և այլ կայքերում.","creator":"Adguard Software Ltd","developers":null,"translators":null,"contributors":null,"locales":["hy"]},{"name":"AdGuard Mainosesto","description":"Ylivertainen mainosestolaajennus mainontaa ja ponnahduksia vastaan. Estää mainoksia Facebookissa, YouTubessa ja muilla sivustoilla.","creator":"Adguard Software Ltd","developers":null,"translators":null,"contributors":null,"locales":["fi"]},{"name":"AdGuard AdBlocker","description":"Extensie fără egal de blocare reclame și pop-up-uri. Blochează reclame pe Facebook, YouTube și toate celelalte site-uri.","creator":"Adguard Software Ltd","developers":null,"translators":null,"contributors":null,"locales":["ro"]},{"name":"AdGuard Антыбанар","description":"Непераўзыдзеная абарона ад рэкламы і ўсплывальных вокнаў. Блакіруе рэкламу на Facebook, YouTube і ўсіх іншых сайтах.","creator":"Adguard Software Ltd","developers":null,"translators":null,"contributors":null,"locales":["be"]},{"name":"AdGuard AdBlocker","description":"Απαράμιλλη επέκταση adblock που αποκλείει διαφημίσεις και αναδυόμενα σε Facebook, YouTube και άλλους ιστότοπους.","creator":"Adguard Software Ltd","developers":null,"translators":null,"contributors":null,"locales":["el"]},{"name":"AdGuard AdBlocker","description":"Inigualable extensión para bloqueo de anuncios y ventanas emergentes. Bloquea anuncios en Facebook, YouTube y los demás sitios web.","creator":"Adguard Software Ltd","developers":null,"translators":null,"contributors":null,"locales":["es"]},{"name":"Bloqueador de anúncio do AdGuard","description":"Uma extensão de bloqueio incomparável contra anúncios e pop-ups. Bloqueia os anúncios do Facebook, YouTube e todos outros sites.","creator":"Adguard Software Ltd","developers":null,"translators":null,"contributors":null,"locales":["pt-BR"]},{"name":"AdGuard 廣告封鎖器","description":"防備廣告和彈出式視窗之無與倫比的廣告封鎖擴充功能。封鎖於 Facebook、YouTube 和所有其它的網站上之廣告。","creator":"Adguard Software Ltd","developers":null,"translators":null,"contributors":null,"locales":["zh-TW"]},{"name":"AdGuard Reklam Engelleyici","description":"Reklamları ve açılır pencereleri engelleyen eşsiz uzantı. Facebook, YouTube ve diğer tüm sitelerdeki reklamları engeller.","creator":"Adguard Software Ltd","developers":null,"translators":null,"contributors":null,"locales":["tr"]},{"name":"AdGuard AdBlocker","description":"הרחבה ללא תחרות של חסימת פרסומות נגד פרסום וחלונות קופצים. חוסמת פרסומות בפייסבוק, ביוטיוב ובכל האתרים האחרים.","creator":"Adguard Software Ltd","developers":null,"translators":null,"contributors":null,"locales":["he"]},{"name":"AdGuard AdBlocker","description":"Uovertruffen adblock-udvidelse mod reklamer og pop op-vinduer. Blokerer annoncer på Facebook, YouTube og alle andre websteder.","creator":"Adguard Software Ltd","developers":null,"translators":null,"contributors":null,"locales":["da"]},{"name":"AdGuard-advertentieblokkeerder","description":"Ongeëvenaarde adblocker tegen advertenties en pop-ups. Blokkeert advertenties op Facebook, YouTube en andere websites.","creator":"Adguard Software Ltd","developers":null,"translators":null,"contributors":null,"locales":["nl"]}],"targetApplications":[{"id":"toolkit@mozilla.org","minVersion":"78.0","maxVersion":null}],"targetPlatforms":[],"signedState":2,"signedTypes":[2,1],"signedDate":1728914408000,"seen":true,"dependencies":[],"incognito":"spanning","userPermissions":{"permissions":["tabs","webRequest","webRequestBlocking","webNavigation","storage","contextMenus","cookies","privacy"],"origins":["<all_urls>","http://*/*","https://*/*","*://*.adguard.com/*/thankyou.html*","*://*.adguard.info/*/thankyou.html*","*://*.adguard.app/*/thankyou.html*"]},"optionalPermissions":{"permissions":[],"origins":[]},"requestedPermissions":{"permissions":[],"origins":[]},"icons":{"16":"assets/icons/green-16.png","128":"assets/icons/green-128.png"},"iconURL":null,"blocklistState":0,"blocklistURL":null,"startupData":null,"hidden":false,"installTelemetryInfo":{"source":"amo","sourceURL":"https://addons.mozilla.org/en-US/firefox/addon/adguard-adblocker/?utm_source=addons.mozilla.org&utm_medium=referral&utm_content=search","method":"amWebAPI"},"recommendationState":{"validNotAfter":1886702404000,"validNotBefore":1728914404000,"states":["recommended-android","recommended"]},"rootURI":"jar:file:///home/gamer/.mozilla/firefox/kb1yyvt7.default-release/extensions/adguardadblocker@adguard.com.xpi!/","location":"app-profile"},{"id":"sponsorBlocker@ajay.app","syncGUID":"{3e6e5a3c-8644-47f7-bb7f-40e5bc0f1797}","version":"5.9.4","type":"extension","loader":null,"updateURL":null,"installOrigins":null,"manifestVersion":2,"optionsURL":"options/options.html","optionsType":3,"optionsBrowserStyle":false,"aboutURL":null,"defaultLocale":{"name":"SponsorBlock for YouTube - Skip Sponsorships","description":"Skip sponsorships, subscription begging and more on YouTube videos. Report sponsors on videos you watch to save others' time.","creator":null,"homepageURL":"https://sponsor.ajay.app","developers":null,"translators":null,"contributors":null},"visible":true,"active":true,"userDisabled":false,"appDisabled":false,"embedderDisabled":false,"installDate":1729169891029,"updateDate":1729169891029,"applyBackgroundUpdates":1,"path":"/home/gamer/.mozilla/firefox/kb1yyvt7.default-release/extensions/sponsorBlocker@ajay.app.xpi","skinnable":false,"sourceURI":"https://addons.mozilla.org/firefox/downloads/file/4364207/sponsorblock-5.9.4.xpi","releaseNotesURI":null,"softDisabled":false,"foreignInstall":false,"strictCompatibility":true,"locales":[{"name":"SponsorBlock for YouTube - Skip Sponsorships","description":"Skip sponsorships, subscription begging and more on YouTube videos. Report sponsors on videos you watch to save others' time.","creator":null,"homepageURL":"https://sponsor.ajay.app","developers":null,"translators":null,"contributors":null,"locales":["en"]},{"name":"SponsorBlock for YouTube - 動画の広告シーンを自動スキップ","description":"YouTube動画の提供表示や登録のお願いといった部分をスキップします。動画中の広告を報告し、みんなで時間を節約しましょう。","creator":null,"homepageURL":"https://sponsor.ajay.app","developers":null,"translators":null,"contributors":null,"locales":["ja"]},{"name":"SponsorBlock YouTube'ile - jäta sponsorid vahele","description":"Jäta sponsorid, tellimise palumine ja muud YouTube'i videote tüütused vahele. Teata vaadatavate videote sponsoritest, et säästa teiste aega.","creator":null,"homepageURL":"https://sponsor.ajay.app","developers":null,"translators":null,"contributors":null,"locales":["et"]},{"name":"SponsorBlock para o YouTube - Salte patrocínios","description":"Ignore patrocínios, pedidos para se inscrever e mais em vídeos do YouTube. Denuncie patrocinadores em vídeos que assistir para economizar o tempo dos outros.","creator":null,"homepageURL":"https://sponsor.ajay.app","developers":null,"translators":null,"contributors":null,"locales":["pt-PT"]},{"name":"YouTube కోసం SponsorBlock - స్పాన్సర్‌షిప్‌లను దాటవేయి","description":"YouTube వీడియోలలో స్పాన్సర్‌షిప్‌లు, సభ్యత్వ యాచన మరియు మరిన్ని దాటవేయండి. ఇతరుల సమయాన్ని ఆదా చేయడానికి మీరు చూసే వీడియోలపై స్పాన్సర్‌లను నివేదించండి.","creator":null,"homepageURL":"https://sponsor.ajay.app","developers":null,"translators":null,"contributors":null,"locales":["te"]},{"name":"SponsorBlock за YouTube - пропускайте спонсорства","description":"Прескачайте спонсорства, напомняния за абониране и други неща в клипове в YouTube. Докладвайте спонсорства в клиповете, които гледате, за да спестите време на други потребители.","creator":null,"homepageURL":"https://sponsor.ajay.app","developers":null,"translators":null,"contributors":null,"locales":["bg"]},{"name":"SponsorBlock untuk YouTube - Lewati Sponsor","description":"Lewati sponsor, meminta subscriber dan lain-lain di video YouTube. Laporkan sponsor di video yang anda tonton untuk menghemat waktu orang lain.","creator":null,"homepageURL":"https://sponsor.ajay.app","developers":null,"translators":null,"contributors":null,"locales":["id"]},{"name":"ইউটিউবের জন্য স্পনসরব্লক - স্পনসরশিপ এড়িয়ে যান","description":"YouTube ভিডিওতে স্পনসরশিপ, সাবস্ক্রিপশন ভিক্ষা এবং আরও অনেক কিছু এড়িয়ে যান। অন্যদের সময় বাঁচাতে আপনার দেখা ভিডিওগুলিতে স্পনসরদের রিপোর্ট করুন।","creator":null,"homepageURL":"https://sponsor.ajay.app","developers":null,"translators":null,"contributors":null,"locales":["bn"]},{"name":"SponsorBlock pour YouTube - Supprime les publicités intégrées","description":"Ignorez les sponsors, les rappels d'interaction et plus encore sur les vidéos YouTube. Signalez les sponsors sur les vidéos que vous regardez pour sauver le temps des autres.","creator":null,"homepageURL":"https://sponsor.ajay.app","developers":null,"translators":null,"contributors":null,"locales":["fr"]},{"name":"SponsorBlock för YouTube - Hoppa över sponsringar","description":"Hoppa över sponsringar, prenumerationstiggande och mer på YouTube-videor. Rapportera sponsorer på videor du tittar på för att bespara andra tid.","creator":null,"homepageURL":"https://sponsor.ajay.app","developers":null,"translators":null,"contributors":null,"locales":["sv"]},{"name":"SponsorBlock pro YouTube - Přeskoč sponzory","description":"Přeskočte sponzorství, žádosti o odběr a další ve videích na YouTube. Nahlaste sponzorované segmenty ve videích, která sledujete a ušetřete ostatním čas.","creator":null,"homepageURL":"https://sponsor.ajay.app","developers":null,"translators":null,"contributors":null,"locales":["cs"]},{"name":"SponsorBlock YouTube-ra - Szponzorok átugrására","description":"Szponzorok, feliratkozás-kérelmek és több átugrása a YouTube videókon. Jelöljön meg szponzorokat videókon amiket néz, hogy mások idejét is megtakarítsa.","creator":null,"homepageURL":"https://sponsor.ajay.app","developers":null,"translators":null,"contributors":null,"locales":["hu"]},{"name":"SponsorBlock cho Youtube - Bỏ qua quảng cáo của nhà tài trợ","description":"Bỏ qua quảng cáo của nhà tài trợ, đoạn nài nỉ đòi đăng ký và nhiều thứ tương tự trong các video trên Youtube. Báo cáo đoạn quảng cáo nhà tài trợ trong những video bạn xem để giúp người khác tiết kiệm thời gian.","creator":null,"homepageURL":"https://sponsor.ajay.app","developers":null,"translators":null,"contributors":null,"locales":["vi"]},{"name":"SponsorBlock для YouTube - Пропускайте спонсорські вставки","description":"Пропускайте спонсорські вставки, прохання підписатися та інше в відео на YouTube. Надсилайте інформацію про спонсорів в відео, щоб зберігати іншим час.","creator":null,"homepageURL":"https://sponsor.ajay.app","developers":null,"translators":null,"contributors":null,"locales":["uk"]},{"name":"SponsorBlock لليوتيوب - تخطي الرعايات","description":"تخطى الرعايات و التسول بالاشتراك و المزيد على فيديوهات اليوتيوب. بلغ عن الرعايات في الفيديوات التي تشاهدها لتوفير وقت الآخرين.","creator":null,"homepageURL":"https://sponsor.ajay.app","developers":null,"translators":null,"contributors":null,"locales":["ar"]},{"name":"YouTube के लिए SponsorBlock - प्रायोजन छोड़ें","description":"YouTube वीडियो पर प्रायोजन, सदस्यता भीख और अधिक छोड़ें। दूसरों के समय को बचाने के लिए आपके द्वारा देखे जाने वाले वीडियो पर प्रायोजकों की रिपोर्ट करें।","creator":null,"homepageURL":"https://sponsor.ajay.app","developers":null,"translators":null,"contributors":null,"locales":["hi"]},{"name":"SponsorBlock per YouTube - Salta gli sponsor","description":"Salta sponsorizzazioni, richieste d'iscrizione ai canali e molto altro sui video di YouTube. Segnala gli sponsor sui video che guardi per salvare il tempo agli altri.","creator":null,"homepageURL":"https://sponsor.ajay.app","developers":null,"translators":null,"contributors":null,"locales":["it"]},{"name":"YouTube용 SponsorBlock - 스폰서 광고 차단","description":"YouTube 영상의 스폰서 광고, '구독과 좋아요' 광고 같이 쓸데없는 광고를 모두 건너뛰세요. 영상의 스폰서 광고 구간을 신고하여 다른 사람들의 시간을 절약할 수 있게 해주세요.","creator":null,"homepageURL":"https://sponsor.ajay.app","developers":null,"translators":null,"contributors":null,"locales":["ko"]},{"name":"YouTube க்கான SponsorBlock - ஸ்பான்சர்ஷிப்களைத் தவிர்","description":"YouTube வீடியோக்களில் ஸ்பான்சர்ஷிப்கள், சந்தா பிச்சை மற்றும் பலவற்றைத் தவிர்க்கவும். மற்றவர்களின் நேரத்தைச் சேமிக்க நீங்கள் பார்க்கும் வீடியோக்களில் ஸ்பான்சர்களைப் புகாரளிக்கவும்.","creator":null,"homepageURL":"https://sponsor.ajay.app","developers":null,"translators":null,"contributors":null,"locales":["ta"]},{"name":"SponsorBlock per YouTube - Omet els Sponsorships","description":"Omet els sponsorships, pregant per una subscripció i mes en videos de YouTube. Informa dels patrocinadors a els vídeos que mires per estalviar temps als altres.","creator":null,"homepageURL":"https://sponsor.ajay.app","developers":null,"translators":null,"contributors":null,"locales":["ca"]},{"name":"SponsorBlock สำหรับ YouTube - ข้ามสปอนเซอร์","description":"ข้ามสปอนเซอร์, การก่อการติดตาม, ฯลฯ ในวีดีโอ YouTube. รายงานสปอนเซอร์ในวีดีโอเพื่อประหยัดเวลาคนอื่น","creator":null,"homepageURL":"https://sponsor.ajay.app","developers":null,"translators":null,"contributors":null,"locales":["th"]},{"name":"SponsorBlock for YouTube - Hopp over sponsinger","description":"Hopp over sponsinger, abonnementstigging og mer på YouTube-videoer. Rapporter inn sponsorer på videoer du ser på for å spare andre sin tid.","creator":null,"homepageURL":"https://sponsor.ajay.app","developers":null,"translators":null,"contributors":null,"locales":["no"]},{"name":"SponsorBlock für YouTube – Überspringe gesponserte Videosegmente","description":"Überspringe gesponserte Inhalte, Aufforderungen zum Interagieren und mehr in YouTube-Videos. Markiere Sponsoren in Videos, um anderen die Zeit zu ersparen.","creator":null,"homepageURL":"https://sponsor.ajay.app","developers":null,"translators":null,"contributors":null,"locales":["de"]},{"name":"SponsorBlock pre YouTube - Preskočte sponzorstvá","description":"Preskoč sponzorstvá, žiadosti o odber atď. v YouTube videách. Nahlás sponzorované segmenty vo videách čo sleduješ a ušetri ostatným čas.","creator":null,"homepageURL":"https://sponsor.ajay.app","developers":null,"translators":null,"contributors":null,"locales":["sk"]},{"name":"اسپانسربلاک برای یوتیوب - اسپانسر ها را رد کنید","description":"بخش های اسپانسر شده، درخواست ساب اسکرایب و خیلی چیز های دیگر در ویدیو های یوتیوب را رد کنید. قسمت های اسپانسری ویدیو هایی که میبینید را گزارش کنید تا در وقت دیگران صرفه جویی شود.","creator":null,"homepageURL":"https://sponsor.ajay.app","developers":null,"translators":null,"contributors":null,"locales":["fa"]},{"name":"SponsorBlock за YouTube - Прескочите спонзорства","description":"Прескочите спонзорства, молбе за праћење и још много тога на YouTube видео снимцима. Пријавите спонзоре у видео снимцима које гледате да бисте уштедели време другима.","creator":null,"homepageURL":"https://sponsor.ajay.app","developers":null,"translators":null,"contributors":null,"locales":["sr"]},{"name":"SponsorBlock priekš YouTube - Izlaid sponsorus","description":"Izlaidiet sponsorus, abonēšanas lūgumus un vairāk, skatoties YouTube video. Ziņojiet par sponsoriem video, kurus jūs skatāties, lai ietaupītu citu laiku.","creator":null,"homepageURL":"https://sponsor.ajay.app","developers":null,"translators":null,"contributors":null,"locales":["lv"]},{"name":"YouTube- നായുള്ള സ്പോൺസർബ്ലോക്ക് - സ്പോൺസർഷിപ്പുകൾ ഒഴിവാക്കുക","description":"YouTube വീഡിയോകളിൽ സ്പോൺസർഷിപ്പുകൾ, സബ്സ്ക്രിപ്ഷൻ ഭിക്ഷാടനം എന്നിവയും അതിലേറെയും ഒഴിവാക്കുക. മറ്റുള്ളവരുടെ സമയം ലാഭിക്കാൻ നിങ്ങൾ കാണുന്ന വീഡിയോകളിൽ സ്പോൺസർമാരെ റിപ്പോർട്ടുചെയ്യുക.","creator":null,"homepageURL":"https://sponsor.ajay.app","developers":null,"translators":null,"contributors":null,"locales":["ml"]},{"name":"SponsorBlock para sa YouTube - I-skip ang mga Sponsorships","description":"I-skip ang mga sponsorships, subscription begging at marami pa sa mga YouTube videos. I-report ang mga sponsor sa videos na napapanood mo upang makatipid sa oras ng iba.","creator":null,"homepageURL":"https://sponsor.ajay.app","developers":null,"translators":null,"contributors":null,"locales":["fil"]},{"name":"SponsorBlock для YouTube - Пропускайте спонсорские вставки","description":"Пропускайте спонсорские вставки, просьбы подписаться и другое в видео на YouTube. Отправляйте информацию о спонсорах в видео, чтобы экономить другим время.","creator":null,"homepageURL":"https://sponsor.ajay.app","developers":null,"translators":null,"contributors":null,"locales":["ru"]},{"name":"SponsorBlock untuk YouTube - Lewati Sponsor","description":"Lewati sponsor, meminta subscriber dan lain-lain di video YouTube. Laporkan sponsor di video yang anda tonton untuk menghemat waktu orang lain.","creator":null,"homepageURL":"https://sponsor.ajay.app","developers":null,"translators":null,"contributors":null,"locales":["ms"]},{"name":"SponsorBlock for YouTube - 跳过赞助商广告","description":"跳过 YouTube 视频中的赞助广告、订阅提醒等片段。标记视频中的赞助广告来节约大家的时间。","creator":null,"homepageURL":"https://sponsor.ajay.app","developers":null,"translators":null,"contributors":null,"locales":["zh-CN"]},{"name":"SponsorBlock na YouTube - Pomiń fragmenty sponsorowane","description":"Pomijaj sponsorów, prośby o subskrypcje i inne fragmenty filmów na YouTube. Zgłaszaj segmenty sponsorów na filmach, które oglądasz, by oszczędzić czas innym.","creator":null,"homepageURL":"https://sponsor.ajay.app","developers":null,"translators":null,"contributors":null,"locales":["pl"]},{"name":"SponsorBlock pentru YouTube - Sari peste sponsorizări","description":"Treci peste sponsorizări, cereri de abonare și multe altele pe videoclipuri de pe YouTube. Raportează sponsorii pe videoclipurile pe care le urmărești pentru a economisi timp altora.","creator":null,"homepageURL":"https://sponsor.ajay.app","developers":null,"translators":null,"contributors":null,"locales":["ro"]},{"name":"SponsorBlock για το YouTube - Παραλείπει Χορηγίες","description":"Παράλειψη χορηγιών, έκκλησης συνδρομής και πολλά περισσότερα στα βίντεο του YouTube. Αναφέρετε χορηγίες σε βίντεο που βλέπετε για να κερδίσετε χρόνο στους υπολοίπους.","creator":null,"homepageURL":"https://sponsor.ajay.app","developers":null,"translators":null,"contributors":null,"locales":["el"]},{"name":"חוסם פרסומות ליוטיוב - דלג על החסויות","description":"דלג על החסויות, ההתחננויות לעשות מנוי ועוד בסרטוני יוטיוב. דווח על ספונסרים בסרטונים שאתה צופה בהם כדי לחסוך לאחרים זמן.","creator":null,"homepageURL":"https://sponsor.ajay.app","developers":null,"translators":null,"contributors":null,"locales":["he"]},{"name":"SponsorBlock para YouTube - Omitir Sponsors","description":"Salte todos los sponsors, súplicas de suscripción y más en vídeos de YouTube. Reporta sponsors en los vídeos que veas para ahorrarle tiempo a los demás.","creator":null,"homepageURL":"https://sponsor.ajay.app","developers":null,"translators":null,"contributors":null,"locales":["es"]},{"name":"SponsorBlock YouTubelle - Ohita sponsoroinnit","description":"Ohita sponsoroitu mainonta, tilausten kerjääminen ja muuta YouTube-videoissa. Ilmoita katsomasi videoiden sponsorit säästääksesi muilta aikaa.","creator":null,"homepageURL":"https://sponsor.ajay.app","developers":null,"translators":null,"contributors":null,"locales":["fi"]},{"name":"SponsorBlock za YouTube - preskoči sponzore","description":"Preskoči sponzore, zamolbe za pretplatu i drugo na YouTube videima. Prijavi sponzore na videima koje gledaš kako bi uštedio drugima vrijeme.","creator":null,"homepageURL":"https://sponsor.ajay.app","developers":null,"translators":null,"contributors":null,"locales":["hr"]},{"name":"SponsorBlock para YouTube - Pule Patrocínios","description":"Pule patrocinadores, pedidos para se inscrever e mais em vídeos do YouTube. Denuncie patrocinadores em vídeos que você assistir para economizar o tempo dos outros.","creator":null,"homepageURL":"https://sponsor.ajay.app","developers":null,"translators":null,"contributors":null,"locales":["pt-BR"]},{"name":"SponsorBlock for YouTube - 跳過贊助廣告","description":"在YouTube影片跳過贊助廣告、訂閱提醒……和更多。 在您觀賞的影片上標記贊助廣告來節省大家的時間。","creator":null,"homepageURL":"https://sponsor.ajay.app","developers":null,"translators":null,"contributors":null,"locales":["zh-TW"]},{"name":"SponsorBlock til YouTube - Fjern reklamer","description":"Fjern reklamer, subscriber tiggeri og mere i youtube videoer. Rapporter reklamer på de videoer du ser for at spare folks tid.","creator":null,"homepageURL":"https://sponsor.ajay.app","developers":null,"translators":null,"contributors":null,"locales":["da"]},{"name":"YouTube için SponsorBlock - Sponsorlukları Atla","description":"Videolardaki sponsorlukları, abonelik isteklerini ve daha fazlasını atlayın. Başkalarının vaktini kurtarmak için izlediğiniz videolardaki sponsorları bildirin.","creator":null,"homepageURL":"https://sponsor.ajay.app","developers":null,"translators":null,"contributors":null,"locales":["tr"]},{"name":"SponsorBlock voor YouTube - Sponsorberichten overslaan","description":"Overslaan van sponsors, vragen om te abonneren en meer in YouTube-video's. Rapporteer sponsors in video's die u bekijkt om anderen tijd te besparen.","creator":null,"homepageURL":"https://sponsor.ajay.app","developers":null,"translators":null,"contributors":null,"locales":["nl"]}],"targetApplications":[{"id":"toolkit@mozilla.org","minVersion":"102.0","maxVersion":null}],"targetPlatforms":[],"signedState":2,"signedTypes":[2,1],"signedDate":1728559197000,"seen":true,"dependencies":[],"incognito":"spanning","userPermissions":{"permissions":["storage","scripting"],"origins":["https://sponsor.ajay.app/*","https://*.youtube.com/*","https://www.youtube-nocookie.com/embed/*"]},"optionalPermissions":{"permissions":[],"origins":["*://*/*"]},"requestedPermissions":{"permissions":[],"origins":[]},"icons":{"16":"icons/IconSponsorBlocker16px.png","32":"icons/IconSponsorBlocker32px.png","64":"icons/IconSponsorBlocker64px.png","128":"icons/IconSponsorBlocker128px.png","256":"icons/IconSponsorBlocker256px.png","512":"icons/IconSponsorBlocker512px.png","1024":"icons/IconSponsorBlocker1024px.png"},"iconURL":null,"blocklistState":0,"blocklistURL":null,"startupData":null,"hidden":false,"installTelemetryInfo":{"source":"amo","sourceURL":"https://addons.mozilla.org/en-US/firefox/addon/sponsorblock/?utm_source=addons.mozilla.org&utm_medium=referral&utm_content=search","method":"amWebAPI"},"recommendationState":{"validNotAfter":1886347197000,"validNotBefore":1728559197000,"states":["recommended","recommended-android"]},"rootURI":"jar:file:///home/gamer/.mozilla/firefox/kb1yyvt7.default-release/extensions/sponsorBlocker@ajay.app.xpi!/","location":"app-profile"},{"id":"myallychou@gmail.com","syncGUID":"{c50cdc2e-2a2d-4822-96f3-c5c456e0c037}","version":"1.6.7","type":"extension","loader":null,"updateURL":null,"installOrigins":null,"manifestVersion":2,"optionsURL":null,"optionsType":null,"optionsBrowserStyle":true,"aboutURL":null,"defaultLocale":{"name":"Unhook - Remove YouTube Recommended & Shorts","description":"Hide YouTube related videos, shorts, comments, suggestions wall, homepage recommendations, trending, and other distractions.","creator":"Unhook","developers":null,"translators":null,"contributors":null},"visible":true,"active":true,"userDisabled":false,"appDisabled":false,"embedderDisabled":false,"installDate":1729169940506,"updateDate":1729169940506,"applyBackgroundUpdates":1,"path":"/home/gamer/.mozilla/firefox/kb1yyvt7.default-release/extensions/myallychou@gmail.com.xpi","skinnable":false,"sourceURI":"https://addons.mozilla.org/firefox/downloads/file/4263531/youtube_recommended_videos-1.6.7.xpi","releaseNotesURI":null,"softDisabled":false,"foreignInstall":false,"strictCompatibility":true,"locales":[],"targetApplications":[{"id":"toolkit@mozilla.org","minVersion":"52.0","maxVersion":null}],"targetPlatforms":[],"signedState":2,"signedTypes":[2,0],"signedDate":1713378407000,"seen":true,"dependencies":[],"incognito":"spanning","userPermissions":{"permissions":["storage","webRequest"],"origins":["https://www.youtube.com/*","https://m.youtube.com/*"]},"optionalPermissions":{"permissions":[],"origins":[]},"requestedPermissions":{"permissions":[],"origins":[]},"icons":{"16":"images/icon-16.png","32":"images/icon-32.png","48":"images/icon-48.png","128":"images/icon-128.png"},"iconURL":null,"blocklistState":0,"blocklistURL":null,"startupData":null,"hidden":false,"installTelemetryInfo":{"source":"amo","sourceURL":"https://addons.mozilla.org/en-US/firefox/addon/youtube-recommended-videos/","method":"amWebAPI"},"recommendationState":{"validNotAfter":1871166407000,"validNotBefore":1713378407000,"states":["recommended","recommended-android"]},"rootURI":"jar:file:///home/gamer/.mozilla/firefox/kb1yyvt7.default-release/extensions/myallychou@gmail.com.xpi!/","location":"app-profile"},{"id":"{8f010de3-24bd-4bdf-9317-f6498684d29d}","syncGUID":"{4fb35cc9-5efc-44e8-b1ee-c480235b108e}","version":"1.1.5","type":"extension","loader":null,"updateURL":null,"installOrigins":null,"manifestVersion":2,"optionsURL":"options/options.html","optionsType":3,"optionsBrowserStyle":false,"aboutURL":null,"defaultLocale":{"name":"Release Calendar Filter for Crunchyroll","description":"A filter for the Release/Simulcast Calendar on Crunchyroll.","creator":null,"developers":null,"translators":null,"contributors":null},"visible":true,"active":true,"userDisabled":false,"appDisabled":false,"embedderDisabled":false,"installDate":1729170026282,"updateDate":1729170026282,"applyBackgroundUpdates":1,"path":"/home/gamer/.mozilla/firefox/kb1yyvt7.default-release/extensions/{8f010de3-24bd-4bdf-9317-f6498684d29d}.xpi","skinnable":false,"sourceURI":"https://addons.mozilla.org/firefox/downloads/file/4259676/release_calendar_filter_for_cr-1.1.5.xpi","releaseNotesURI":null,"softDisabled":false,"foreignInstall":false,"strictCompatibility":true,"locales":[],"targetApplications":[{"id":"toolkit@mozilla.org","minVersion":"53.0","maxVersion":null}],"targetPlatforms":[],"signedState":2,"signedTypes":[2,0],"signedDate":1712165719000,"seen":true,"dependencies":[],"incognito":"spanning","userPermissions":{"permissions":["storage"],"origins":["*://*.crunchyroll.com/simulcastcalendar*","*://*.crunchyroll.com/*/simulcastcalendar*"]},"optionalPermissions":{"permissions":[],"origins":[]},"requestedPermissions":{"permissions":[],"origins":[]},"icons":{"128":"images/icon.png"},"iconURL":null,"blocklistState":0,"blocklistURL":null,"startupData":null,"hidden":false,"installTelemetryInfo":{"source":"amo","sourceURL":"https://addons.mozilla.org/en-US/firefox/addon/release-calendar-filter-for-cr/","method":"amWebAPI"},"recommendationState":null,"rootURI":"jar:file:///home/gamer/.mozilla/firefox/kb1yyvt7.default-release/extensions/%7B8f010de3-24bd-4bdf-9317-f6498684d29d%7D.xpi!/","location":"app-profile"},{"id":"newtaboverride@agenedia.com","syncGUID":"{c0862d54-3842-4fed-a4cb-6987c19e512e}","version":"16.0.1","type":"extension","loader":null,"updateURL":null,"installOrigins":null,"manifestVersion":3,"optionsURL":"html/options.html","optionsType":3,"optionsBrowserStyle":false,"aboutURL":null,"defaultLocale":{"name":"New Tab Override","description":"New Tab Override allows you to set the page that shows whenever you open a new tab.","creator":"Sören Hentzschel","homepageURL":"https://www.soeren-hentzschel.at/firefox-webextensions/new-tab-override/?utm_campaign=webext&utm_term=newtaboverride","developers":null,"translators":null,"contributors":null},"visible":true,"active":true,"userDisabled":false,"appDisabled":false,"embedderDisabled":false,"installDate":1729170076267,"updateDate":1729170076267,"applyBackgroundUpdates":1,"path":"/home/gamer/.mozilla/firefox/kb1yyvt7.default-release/extensions/newtaboverride@agenedia.com.xpi","skinnable":false,"sourceURI":"https://addons.mozilla.org/firefox/downloads/file/4303770/new_tab_override-16.0.1.xpi","releaseNotesURI":null,"softDisabled":false,"foreignInstall":false,"strictCompatibility":true,"locales":[{"name":"New Tab Override","description":"New Tab Override allows you to set the page that shows whenever you open a new tab.","creator":"Sören Hentzschel","homepageURL":"https://www.soeren-hentzschel.at/firefox-webextensions/new-tab-override/?utm_campaign=webext&utm_term=newtaboverride","developers":null,"translators":null,"contributors":null,"locales":["en"]},{"name":"New Tab Override","description":"Z New Tab Override móžoš bok póstajiś, kótaryž se pśi wócynjanju nowego rejtarka pokazujo.","creator":"Sören Hentzschel","homepageURL":"https://www.soeren-hentzschel.at/firefox-webextensions/new-tab-override/?utm_campaign=webext&utm_term=newtaboverride","developers":null,"translators":null,"contributors":null,"locales":["dsb"]},{"name":"New Tab Override","description":"New Tab Override allows you to set the page that shows whenever you open a new tab.","creator":"Sören Hentzschel","homepageURL":"https://www.soeren-hentzschel.at/firefox-webextensions/new-tab-override/?utm_campaign=webext&utm_term=newtaboverride","developers":null,"translators":null,"contributors":null,"locales":["fr"]},{"name":"New Tab Override","description":"New Tab Override memungkinkan Anda untuk menyetel halaman secara otomatis setiap kali Anda membuka tab baru.","creator":"Sören Hentzschel","homepageURL":"https://www.soeren-hentzschel.at/firefox-webextensions/new-tab-override/?utm_campaign=webext&utm_term=newtaboverride","developers":null,"translators":null,"contributors":null,"locales":["id"]},{"name":"New Tab Override","description":"New Tab Override låter dig ställa in den sidan som visas när du öppnar en ny flik.","creator":"Sören Hentzschel","homepageURL":"https://www.soeren-hentzschel.at/firefox-webextensions/new-tab-override/?utm_campaign=webext&utm_term=newtaboverride","developers":null,"translators":null,"contributors":null,"locales":["sv-SE"]},{"name":"New Tab Override","description":"New Tab Override allows you to set the page that shows whenever you open a new tab.","creator":"Sören Hentzschel","homepageURL":"https://www.soeren-hentzschel.at/firefox-webextensions/new-tab-override/?utm_campaign=webext&utm_term=newtaboverride","developers":null,"translators":null,"contributors":null,"locales":["it"]},{"name":"New Tab Override","description":"Mit New Tab Override kann die Seite festgelegt werden, welche beim Öffnen eines neuen Tabs angezeigt wird.","creator":"Sören Hentzschel","homepageURL":"https://www.soeren-hentzschel.at/firefox-webextensions/new-tab-override/?utm_campaign=webext&utm_term=newtaboverride","developers":null,"translators":null,"contributors":null,"locales":["de"]},{"name":"New Tab Override","description":"New Tab Override allows you to set the page that shows whenever you open a new tab.","creator":"Sören Hentzschel","homepageURL":"https://www.soeren-hentzschel.at/firefox-webextensions/new-tab-override/?utm_campaign=webext&utm_term=newtaboverride","developers":null,"translators":null,"contributors":null,"locales":["zh-CN"]},{"name":"New Tab Override","description":"Z New Tab Override móžeš stronu postajić, kotraž so při wočinjenju noweho rajtarka pokazuje.","creator":"Sören Hentzschel","homepageURL":"https://www.soeren-hentzschel.at/firefox-webextensions/new-tab-override/?utm_campaign=webext&utm_term=newtaboverride","developers":null,"translators":null,"contributors":null,"locales":["hsb"]},{"name":"New Tab Override","description":"New Tab Override дозволяє налаштувати сторінку, що буде відкриватися у новій вкладці.","creator":"Sören Hentzschel","homepageURL":"https://www.soeren-hentzschel.at/firefox-webextensions/new-tab-override/?utm_campaign=webext&utm_term=newtaboverride","developers":null,"translators":null,"contributors":null,"locales":["uk-UA"]},{"name":"New Tab Override","description":"New Tab Override allows you to set the page that shows whenever you open a new tab.","creator":"Sören Hentzschel","homepageURL":"https://www.soeren-hentzschel.at/firefox-webextensions/new-tab-override/?utm_campaign=webext&utm_term=newtaboverride","developers":null,"translators":null,"contributors":null,"locales":["ru"]},{"name":"New Tab Override","description":"New Tab Override allows you to set the page that shows whenever you open a new tab.","creator":"Sören Hentzschel","homepageURL":"https://www.soeren-hentzschel.at/firefox-webextensions/new-tab-override/?utm_campaign=webext&utm_term=newtaboverride","developers":null,"translators":null,"contributors":null,"locales":["pt-BR"]},{"name":"New Tab Override","description":"New Tab Override allows you to set the page that shows whenever you open a new tab.","creator":"Sören Hentzschel","homepageURL":"https://www.soeren-hentzschel.at/firefox-webextensions/new-tab-override/?utm_campaign=webext&utm_term=newtaboverride","developers":null,"translators":null,"contributors":null,"locales":["es"]},{"name":"New Tab Override","description":"New Tab Override pozwala na ustawienie strony, która wyświetlana jest po każdym otwarciu nowej karty.","creator":"Sören Hentzschel","homepageURL":"https://www.soeren-hentzschel.at/firefox-webextensions/new-tab-override/?utm_campaign=webext&utm_term=newtaboverride","developers":null,"translators":null,"contributors":null,"locales":["pl"]},{"name":"New Tab Override","description":"Met New Tab Override kunt u de pagina instellen die bij het openen van een nieuw tabblad wordt weergegeven.","creator":"Sören Hentzschel","homepageURL":"https://www.soeren-hentzschel.at/firefox-webextensions/new-tab-override/?utm_campaign=webext&utm_term=newtaboverride","developers":null,"translators":null,"contributors":null,"locales":["nl"]}],"targetApplications":[{"id":"toolkit@mozilla.org","minVersion":"115.0","maxVersion":null}],"targetPlatforms":[],"signedState":2,"signedTypes":[2,0],"signedDate":1718878103000,"seen":true,"dependencies":[],"incognito":"spanning","userPermissions":{"permissions":["browserSettings","cookies","history","menus","storage","tabs"],"origins":[]},"optionalPermissions":{"permissions":[],"origins":["https://www.soeren-hentzschel.at/*"]},"requestedPermissions":{"permissions":[],"origins":["https://www.soeren-hentzschel.at/*"]},"icons":{"48":"images/icon.svg","96":"images/icon.svg"},"iconURL":null,"blocklistState":0,"blocklistURL":null,"startupData":null,"hidden":false,"installTelemetryInfo":{"source":"amo","sourceURL":"https://addons.mozilla.org/en-US/firefox/addon/new-tab-override/","method":"amWebAPI"},"recommendationState":{"validNotAfter":1876666103000,"validNotBefore":1718878103000,"states":["recommended"]},"rootURI":"jar:file:///home/gamer/.mozilla/firefox/kb1yyvt7.default-release/extensions/newtaboverride@agenedia.com.xpi!/","location":"app-profile"}]}