{"version":3,"url_overrides":{"newTabURL":{"initialValue":"about:newtab","precedenceList":[{"id":"newtaboverride@agenedia.com","installDate":1729170076267,"value":"moz-extension://82ac5995-fdc8-4306-b404-66f97dc79004/html/newtab.html","enabled":true}],"selected":"newtaboverride@agenedia.com","selectedDate":1729170334965}},"prefs":{"network.networkPredictionEnabled":{"initialValue":{},"precedenceList":[{"id":"jid1-MnnxcxisBPnSXQ@jetpack","installDate":1729169690842,"value":false,"enabled":true}]},"websites.hyperlinkAuditingEnabled":{"initialValue":{},"precedenceList":[{"id":"jid1-MnnxcxisBPnSXQ@jetpack","installDate":1729169690842,"value":false,"enabled":true}]}},"tabHideNotification":{},"homepageNotification":{},"default_search":{},"newTabNotification":{"newtaboverride@agenedia.com":{"initialValue":false,"precedenceList":[{"id":"newtaboverride@agenedia.com","installDate":1729170076267,"value":true,"enabled":true}]}},"commands":{}}